[    2645ms] [INFO] %cDownload the React DevTools for a better development experience: https://react.dev/link/react-devtools font-weight:bold @ http://localhost:3100/_next/static/chunks/node_modules_next_dist_1e8vcs8._.js:776
[    2775ms] [LOG] [HMR] connected @ http://localhost:3100/_next/static/chunks/node_modules_next_dist_1e8vcs8._.js:776
[   87246ms] [LOG] [Fast Refresh] rebuilding @ http://localhost:3100/_next/static/chunks/node_modules_next_dist_1e8vcs8._.js:776
[   87272ms] [LOG] [Fast Refresh] done in 124ms @ http://localhost:3100/_next/static/chunks/node_modules_next_dist_1e8vcs8._.js:776
[  104948ms] [LOG] [Fast Refresh] rebuilding @ http://localhost:3100/_next/static/chunks/node_modules_next_dist_1e8vcs8._.js:776
[  104994ms] [LOG] [Fast Refresh] done in 149ms @ http://localhost:3100/_next/static/chunks/node_modules_next_dist_1e8vcs8._.js:776
[  116105ms] [LOG] [Fast Refresh] rebuilding @ http://localhost:3100/_next/static/chunks/node_modules_next_dist_1e8vcs8._.js:776
[  118553ms] [LOG] [Fast Refresh] done in 2545ms @ http://localhost:3100/_next/static/chunks/node_modules_next_dist_1e8vcs8._.js:776
[  118554ms] [LOG] [Fast Refresh] done in 2545ms @ http://localhost:3100/_next/static/chunks/node_modules_next_dist_1e8vcs8._.js:776
[  118657ms] [LOG] [Fast Refresh] done in 2545ms @ http://localhost:3100/_next/static/chunks/node_modules_next_dist_1e8vcs8._.js:776
[  118896ms] [LOG] [Fast Refresh] done in 2545ms @ http://localhost:3100/_next/static/chunks/node_modules_next_dist_1e8vcs8._.js:776
[  119017ms] [LOG] [Fast Refresh] done in 2545ms @ http://localhost:3100/_next/static/chunks/node_modules_next_dist_1e8vcs8._.js:776
[  119140ms] [LOG] [Fast Refresh] done in 2545ms @ http://localhost:3100/_next/static/chunks/node_modules_next_dist_1e8vcs8._.js:776
[  119248ms] [LOG] [Fast Refresh] done in 2545ms @ http://localhost:3100/_next/static/chunks/node_modules_next_dist_1e8vcs8._.js:776
[  119327ms] [LOG] [Fast Refresh] done in 2545ms @ http://localhost:3100/_next/static/chunks/node_modules_next_dist_1e8vcs8._.js:776
[  119428ms] [LOG] [Fast Refresh] done in 2545ms @ http://localhost:3100/_next/static/chunks/node_modules_next_dist_1e8vcs8._.js:776
[  128728ms] [LOG] [Fast Refresh] rebuilding @ http://localhost:3100/_next/static/chunks/node_modules_next_dist_1e8vcs8._.js:776
[  129387ms] [LOG] [Fast Refresh] done in 728ms @ http://localhost:3100/_next/static/chunks/node_modules_next_dist_1e8vcs8._.js:776
[  129425ms] [LOG] [Fast Refresh] done in 728ms @ http://localhost:3100/_next/static/chunks/node_modules_next_dist_1e8vcs8._.js:776
[  129467ms] [LOG] [Fast Refresh] done in 728ms @ http://localhost:3100/_next/static/chunks/node_modules_next_dist_1e8vcs8._.js:776
[  129505ms] [LOG] [Fast Refresh] done in 728ms @ http://localhost:3100/_next/static/chunks/node_modules_next_dist_1e8vcs8._.js:776
[  129545ms] [LOG] [Fast Refresh] done in 728ms @ http://localhost:3100/_next/static/chunks/node_modules_next_dist_1e8vcs8._.js:776
[  129597ms] [LOG] [Fast Refresh] done in 728ms @ http://localhost:3100/_next/static/chunks/node_modules_next_dist_1e8vcs8._.js:776
[  129640ms] [LOG] [Fast Refresh] done in 728ms @ http://localhost:3100/_next/static/chunks/node_modules_next_dist_1e8vcs8._.js:776
[  129680ms] [LOG] [Fast Refresh] done in 728ms @ http://localhost:3100/_next/static/chunks/node_modules_next_dist_1e8vcs8._.js:776
[  129723ms] [LOG] [Fast Refresh] done in 728ms @ http://localhost:3100/_next/static/chunks/node_modules_next_dist_1e8vcs8._.js:776
[  129762ms] [LOG] [Fast Refresh] done in 728ms @ http://localhost:3100/_next/static/chunks/node_modules_next_dist_1e8vcs8._.js:776
[  129801ms] [LOG] [Fast Refresh] done in 728ms @ http://localhost:3100/_next/static/chunks/node_modules_next_dist_1e8vcs8._.js:776
[  129843ms] [LOG] [Fast Refresh] done in 728ms @ http://localhost:3100/_next/static/chunks/node_modules_next_dist_1e8vcs8._.js:776
[  129883ms] [LOG] [Fast Refresh] done in 728ms @ http://localhost:3100/_next/static/chunks/node_modules_next_dist_1e8vcs8._.js:776
[  129923ms] [LOG] [Fast Refresh] done in 728ms @ http://localhost:3100/_next/static/chunks/node_modules_next_dist_1e8vcs8._.js:776
[  129962ms] [LOG] [Fast Refresh] done in 728ms @ http://localhost:3100/_next/static/chunks/node_modules_next_dist_1e8vcs8._.js:776
[  144534ms] [LOG] [Fast Refresh] rebuilding @ http://localhost:3100/_next/static/chunks/node_modules_next_dist_1e8vcs8._.js:776
[  144873ms] [LOG] [Fast Refresh] done in 329ms @ http://localhost:3100/_next/static/chunks/node_modules_next_dist_1e8vcs8._.js:776
[  144922ms] [LOG] [Fast Refresh] done in 329ms @ http://localhost:3100/_next/static/chunks/node_modules_next_dist_1e8vcs8._.js:776
[  144978ms] [LOG] [Fast Refresh] done in 329ms @ http://localhost:3100/_next/static/chunks/node_modules_next_dist_1e8vcs8._.js:776
[  145021ms] [LOG] [Fast Refresh] done in 329ms @ http://localhost:3100/_next/static/chunks/node_modules_next_dist_1e8vcs8._.js:776
[  145064ms] [LOG] [Fast Refresh] done in 329ms @ http://localhost:3100/_next/static/chunks/node_modules_next_dist_1e8vcs8._.js:776
[  145103ms] [LOG] [Fast Refresh] done in 329ms @ http://localhost:3100/_next/static/chunks/node_modules_next_dist_1e8vcs8._.js:776
[  145147ms] [LOG] [Fast Refresh] done in 329ms @ http://localhost:3100/_next/static/chunks/node_modules_next_dist_1e8vcs8._.js:776
[  145187ms] [LOG] [Fast Refresh] done in 329ms @ http://localhost:3100/_next/static/chunks/node_modules_next_dist_1e8vcs8._.js:776
[  145230ms] [LOG] [Fast Refresh] done in 329ms @ http://localhost:3100/_next/static/chunks/node_modules_next_dist_1e8vcs8._.js:776
[  145270ms] [LOG] [Fast Refresh] done in 329ms @ http://localhost:3100/_next/static/chunks/node_modules_next_dist_1e8vcs8._.js:776
[  145311ms] [LOG] [Fast Refresh] done in 329ms @ http://localhost:3100/_next/static/chunks/node_modules_next_dist_1e8vcs8._.js:776
[  145355ms] [LOG] [Fast Refresh] done in 329ms @ http://localhost:3100/_next/static/chunks/node_modules_next_dist_1e8vcs8._.js:776
[  145397ms] [LOG] [Fast Refresh] done in 329ms @ http://localhost:3100/_next/static/chunks/node_modules_next_dist_1e8vcs8._.js:776
[  145440ms] [LOG] [Fast Refresh] done in 329ms @ http://localhost:3100/_next/static/chunks/node_modules_next_dist_1e8vcs8._.js:776
[  145485ms] [LOG] [Fast Refresh] done in 329ms @ http://localhost:3100/_next/static/chunks/node_modules_next_dist_1e8vcs8._.js:776
[  145526ms] [LOG] [Fast Refresh] done in 329ms @ http://localhost:3100/_next/static/chunks/node_modules_next_dist_1e8vcs8._.js:776
[  145572ms] [LOG] [Fast Refresh] done in 329ms @ http://localhost:3100/_next/static/chunks/node_modules_next_dist_1e8vcs8._.js:776
[  145612ms] [LOG] [Fast Refresh] done in 329ms @ http://localhost:3100/_next/static/chunks/node_modules_next_dist_1e8vcs8._.js:776
[  145655ms] [LOG] [Fast Refresh] done in 329ms @ http://localhost:3100/_next/static/chunks/node_modules_next_dist_1e8vcs8._.js:776
[  145700ms] [LOG] [Fast Refresh] done in 329ms @ http://localhost:3100/_next/static/chunks/node_modules_next_dist_1e8vcs8._.js:776
[  145742ms] [LOG] [Fast Refresh] done in 329ms @ http://localhost:3100/_next/static/chunks/node_modules_next_dist_1e8vcs8._.js:776
[  145790ms] [LOG] [Fast Refresh] done in 329ms @ http://localhost:3100/_next/static/chunks/node_modules_next_dist_1e8vcs8._.js:776
[  145833ms] [LOG] [Fast Refresh] done in 329ms @ http://localhost:3100/_next/static/chunks/node_modules_next_dist_1e8vcs8._.js:776
[  145877ms] [LOG] [Fast Refresh] done in 329ms @ http://localhost:3100/_next/static/chunks/node_modules_next_dist_1e8vcs8._.js:776
[  145919ms] [LOG] [Fast Refresh] done in 329ms @ http://localhost:3100/_next/static/chunks/node_modules_next_dist_1e8vcs8._.js:776
[  145960ms] [LOG] [Fast Refresh] done in 329ms @ http://localhost:3100/_next/static/chunks/node_modules_next_dist_1e8vcs8._.js:776
[  146002ms] [LOG] [Fast Refresh] done in 329ms @ http://localhost:3100/_next/static/chunks/node_modules_next_dist_1e8vcs8._.js:776
[  146043ms] [LOG] [Fast Refresh] done in 329ms @ http://localhost:3100/_next/static/chunks/node_modules_next_dist_1e8vcs8._.js:776
[  146086ms] [LOG] [Fast Refresh] done in 329ms @ http://localhost:3100/_next/static/chunks/node_modules_next_dist_1e8vcs8._.js:776
[  146127ms] [LOG] [Fast Refresh] done in 329ms @ http://localhost:3100/_next/static/chunks/node_modules_next_dist_1e8vcs8._.js:776
[  146171ms] [LOG] [Fast Refresh] done in 329ms @ http://localhost:3100/_next/static/chunks/node_modules_next_dist_1e8vcs8._.js:776
[  146215ms] [LOG] [Fast Refresh] done in 329ms @ http://localhost:3100/_next/static/chunks/node_modules_next_dist_1e8vcs8._.js:776
[  146256ms] [LOG] [Fast Refresh] done in 329ms @ http://localhost:3100/_next/static/chunks/node_modules_next_dist_1e8vcs8._.js:776
[  146298ms] [LOG] [Fast Refresh] done in 329ms @ http://localhost:3100/_next/static/chunks/node_modules_next_dist_1e8vcs8._.js:776
[  146341ms] [LOG] [Fast Refresh] done in 329ms @ http://localhost:3100/_next/static/chunks/node_modules_next_dist_1e8vcs8._.js:776
[  146381ms] [LOG] [Fast Refresh] done in 329ms @ http://localhost:3100/_next/static/chunks/node_modules_next_dist_1e8vcs8._.js:776
[  146428ms] [LOG] [Fast Refresh] done in 329ms @ http://localhost:3100/_next/static/chunks/node_modules_next_dist_1e8vcs8._.js:776
[  146469ms] [LOG] [Fast Refresh] done in 329ms @ http://localhost:3100/_next/static/chunks/node_modules_next_dist_1e8vcs8._.js:776
[  146511ms] [LOG] [Fast Refresh] done in 329ms @ http://localhost:3100/_next/static/chunks/node_modules_next_dist_1e8vcs8._.js:776
[  146557ms] [LOG] [Fast Refresh] done in 329ms @ http://localhost:3100/_next/static/chunks/node_modules_next_dist_1e8vcs8._.js:776
[  146602ms] [LOG] [Fast Refresh] done in 329ms @ http://localhost:3100/_next/static/chunks/node_modules_next_dist_1e8vcs8._.js:776
[  146645ms] [LOG] [Fast Refresh] done in 329ms @ http://localhost:3100/_next/static/chunks/node_modules_next_dist_1e8vcs8._.js:776
[  146685ms] [LOG] [Fast Refresh] done in 329ms @ http://localhost:3100/_next/static/chunks/node_modules_next_dist_1e8vcs8._.js:776
[  146730ms] [LOG] [Fast Refresh] done in 329ms @ http://localhost:3100/_next/static/chunks/node_modules_next_dist_1e8vcs8._.js:776
[  146771ms] [LOG] [Fast Refresh] done in 329ms @ http://localhost:3100/_next/static/chunks/node_modules_next_dist_1e8vcs8._.js:776
[  146812ms] [LOG] [Fast Refresh] done in 329ms @ http://localhost:3100/_next/static/chunks/node_modules_next_dist_1e8vcs8._.js:776
[  146854ms] [LOG] [Fast Refresh] done in 329ms @ http://localhost:3100/_next/static/chunks/node_modules_next_dist_1e8vcs8._.js:776
[  146895ms] [LOG] [Fast Refresh] done in 329ms @ http://localhost:3100/_next/static/chunks/node_modules_next_dist_1e8vcs8._.js:776
[  146936ms] [LOG] [Fast Refresh] done in 329ms @ http://localhost:3100/_next/static/chunks/node_modules_next_dist_1e8vcs8._.js:776
[  146975ms] [LOG] [Fast Refresh] done in 329ms @ http://localhost:3100/_next/static/chunks/node_modules_next_dist_1e8vcs8._.js:776
[  147016ms] [LOG] [Fast Refresh] done in 329ms @ http://localhost:3100/_next/static/chunks/node_modules_next_dist_1e8vcs8._.js:776
[  147057ms] [LOG] [Fast Refresh] done in 329ms @ http://localhost:3100/_next/static/chunks/node_modules_next_dist_1e8vcs8._.js:776
[  147099ms] [LOG] [Fast Refresh] done in 329ms @ http://localhost:3100/_next/static/chunks/node_modules_next_dist_1e8vcs8._.js:776
[  147141ms] [LOG] [Fast Refresh] done in 329ms @ http://localhost:3100/_next/static/chunks/node_modules_next_dist_1e8vcs8._.js:776
[  147199ms] [LOG] [Fast Refresh] done in 329ms @ http://localhost:3100/_next/static/chunks/node_modules_next_dist_1e8vcs8._.js:776
[  147240ms] [LOG] [Fast Refresh] done in 329ms @ http://localhost:3100/_next/static/chunks/node_modules_next_dist_1e8vcs8._.js:776
[  147280ms] [LOG] [Fast Refresh] done in 329ms @ http://localhost:3100/_next/static/chunks/node_modules_next_dist_1e8vcs8._.js:776
[  147318ms] [LOG] [Fast Refresh] done in 329ms @ http://localhost:3100/_next/static/chunks/node_modules_next_dist_1e8vcs8._.js:776
[  147359ms] [LOG] [Fast Refresh] done in 329ms @ http://localhost:3100/_next/static/chunks/node_modules_next_dist_1e8vcs8._.js:776
[  147400ms] [LOG] [Fast Refresh] done in 329ms @ http://localhost:3100/_next/static/chunks/node_modules_next_dist_1e8vcs8._.js:776
[  147441ms] [LOG] [Fast Refresh] done in 329ms @ http://localhost:3100/_next/static/chunks/node_modules_next_dist_1e8vcs8._.js:776
[  147481ms] [LOG] [Fast Refresh] done in 329ms @ http://localhost:3100/_next/static/chunks/node_modules_next_dist_1e8vcs8._.js:776
[  147523ms] [LOG] [Fast Refresh] done in 329ms @ http://localhost:3100/_next/static/chunks/node_modules_next_dist_1e8vcs8._.js:776
[  147562ms] [LOG] [Fast Refresh] done in 329ms @ http://localhost:3100/_next/static/chunks/node_modules_next_dist_1e8vcs8._.js:776
[  147604ms] [LOG] [Fast Refresh] done in 329ms @ http://localhost:3100/_next/static/chunks/node_modules_next_dist_1e8vcs8._.js:776
[  147645ms] [LOG] [Fast Refresh] done in 329ms @ http://localhost:3100/_next/static/chunks/node_modules_next_dist_1e8vcs8._.js:776
[  147685ms] [LOG] [Fast Refresh] done in 329ms @ http://localhost:3100/_next/static/chunks/node_modules_next_dist_1e8vcs8._.js:776
[  147729ms] [LOG] [Fast Refresh] done in 329ms @ http://localhost:3100/_next/static/chunks/node_modules_next_dist_1e8vcs8._.js:776
[  147770ms] [LOG] [Fast Refresh] done in 329ms @ http://localhost:3100/_next/static/chunks/node_modules_next_dist_1e8vcs8._.js:776
[  147813ms] [LOG] [Fast Refresh] done in 329ms @ http://localhost:3100/_next/static/chunks/node_modules_next_dist_1e8vcs8._.js:776
[  147854ms] [LOG] [Fast Refresh] done in 329ms @ http://localhost:3100/_next/static/chunks/node_modules_next_dist_1e8vcs8._.js:776
[  147897ms] [LOG] [Fast Refresh] done in 329ms @ http://localhost:3100/_next/static/chunks/node_modules_next_dist_1e8vcs8._.js:776
[  147939ms] [LOG] [Fast Refresh] done in 329ms @ http://localhost:3100/_next/static/chunks/node_modules_next_dist_1e8vcs8._.js:776
[  147981ms] [LOG] [Fast Refresh] done in 329ms @ http://localhost:3100/_next/static/chunks/node_modules_next_dist_1e8vcs8._.js:776
[  148025ms] [LOG] [Fast Refresh] done in 329ms @ http://localhost:3100/_next/static/chunks/node_modules_next_dist_1e8vcs8._.js:776
[  148066ms] [LOG] [Fast Refresh] done in 329ms @ http://localhost:3100/_next/static/chunks/node_modules_next_dist_1e8vcs8._.js:776
[  148107ms] [LOG] [Fast Refresh] done in 329ms @ http://localhost:3100/_next/static/chunks/node_modules_next_dist_1e8vcs8._.js:776
[  148145ms] [LOG] [Fast Refresh] done in 329ms @ http://localhost:3100/_next/static/chunks/node_modules_next_dist_1e8vcs8._.js:776
[  148190ms] [LOG] [Fast Refresh] done in 329ms @ http://localhost:3100/_next/static/chunks/node_modules_next_dist_1e8vcs8._.js:776
[  148230ms] [LOG] [Fast Refresh] done in 329ms @ http://localhost:3100/_next/static/chunks/node_modules_next_dist_1e8vcs8._.js:776
[  148273ms] [LOG] [Fast Refresh] done in 329ms @ http://localhost:3100/_next/static/chunks/node_modules_next_dist_1e8vcs8._.js:776
[  148316ms] [LOG] [Fast Refresh] done in 329ms @ http://localhost:3100/_next/static/chunks/node_modules_next_dist_1e8vcs8._.js:776
[  148361ms] [LOG] [Fast Refresh] done in 329ms @ http://localhost:3100/_next/static/chunks/node_modules_next_dist_1e8vcs8._.js:776
[  148407ms] [LOG] [Fast Refresh] done in 329ms @ http://localhost:3100/_next/static/chunks/node_modules_next_dist_1e8vcs8._.js:776
[  148448ms] [LOG] [Fast Refresh] done in 329ms @ http://localhost:3100/_next/static/chunks/node_modules_next_dist_1e8vcs8._.js:776
[  148491ms] [LOG] [Fast Refresh] done in 329ms @ http://localhost:3100/_next/static/chunks/node_modules_next_dist_1e8vcs8._.js:776
[  148531ms] [LOG] [Fast Refresh] done in 329ms @ http://localhost:3100/_next/static/chunks/node_modules_next_dist_1e8vcs8._.js:776
[  148573ms] [LOG] [Fast Refresh] done in 329ms @ http://localhost:3100/_next/static/chunks/node_modules_next_dist_1e8vcs8._.js:776
[  148612ms] [LOG] [Fast Refresh] done in 329ms @ http://localhost:3100/_next/static/chunks/node_modules_next_dist_1e8vcs8._.js:776
[  148653ms] [LOG] [Fast Refresh] done in 329ms @ http://localhost:3100/_next/static/chunks/node_modules_next_dist_1e8vcs8._.js:776
[  148693ms] [LOG] [Fast Refresh] done in 329ms @ http://localhost:3100/_next/static/chunks/node_modules_next_dist_1e8vcs8._.js:776
[  148734ms] [LOG] [Fast Refresh] done in 329ms @ http://localhost:3100/_next/static/chunks/node_modules_next_dist_1e8vcs8._.js:776
[  148775ms] [LOG] [Fast Refresh] done in 329ms @ http://localhost:3100/_next/static/chunks/node_modules_next_dist_1e8vcs8._.js:776
[  148823ms] [LOG] [Fast Refresh] done in 329ms @ http://localhost:3100/_next/static/chunks/node_modules_next_dist_1e8vcs8._.js:776
[  148871ms] [LOG] [Fast Refresh] done in 329ms @ http://localhost:3100/_next/static/chunks/node_modules_next_dist_1e8vcs8._.js:776
[  148928ms] [LOG] [Fast Refresh] done in 329ms @ http://localhost:3100/_next/static/chunks/node_modules_next_dist_1e8vcs8._.js:776
[  148980ms] [LOG] [Fast Refresh] done in 329ms @ http://localhost:3100/_next/static/chunks/node_modules_next_dist_1e8vcs8._.js:776
[  149023ms] [LOG] [Fast Refresh] done in 329ms @ http://localhost:3100/_next/static/chunks/node_modules_next_dist_1e8vcs8._.js:776
[  149066ms] [LOG] [Fast Refresh] done in 329ms @ http://localhost:3100/_next/static/chunks/node_modules_next_dist_1e8vcs8._.js:776
[  149111ms] [LOG] [Fast Refresh] done in 329ms @ http://localhost:3100/_next/static/chunks/node_modules_next_dist_1e8vcs8._.js:776
[  149158ms] [LOG] [Fast Refresh] done in 329ms @ http://localhost:3100/_next/static/chunks/node_modules_next_dist_1e8vcs8._.js:776
[  149200ms] [LOG] [Fast Refresh] done in 329ms @ http://localhost:3100/_next/static/chunks/node_modules_next_dist_1e8vcs8._.js:776
[  149242ms] [LOG] [Fast Refresh] done in 329ms @ http://localhost:3100/_next/static/chunks/node_modules_next_dist_1e8vcs8._.js:776
[  149284ms] [LOG] [Fast Refresh] done in 329ms @ http://localhost:3100/_next/static/chunks/node_modules_next_dist_1e8vcs8._.js:776
[  149324ms] [LOG] [Fast Refresh] done in 329ms @ http://localhost:3100/_next/static/chunks/node_modules_next_dist_1e8vcs8._.js:776
[  149365ms] [LOG] [Fast Refresh] done in 329ms @ http://localhost:3100/_next/static/chunks/node_modules_next_dist_1e8vcs8._.js:776
[  149406ms] [LOG] [Fast Refresh] done in 329ms @ http://localhost:3100/_next/static/chunks/node_modules_next_dist_1e8vcs8._.js:776
[  149448ms] [LOG] [Fast Refresh] done in 329ms @ http://localhost:3100/_next/static/chunks/node_modules_next_dist_1e8vcs8._.js:776
[  149487ms] [LOG] [Fast Refresh] done in 329ms @ http://localhost:3100/_next/static/chunks/node_modules_next_dist_1e8vcs8._.js:776
[  149529ms] [LOG] [Fast Refresh] done in 329ms @ http://localhost:3100/_next/static/chunks/node_modules_next_dist_1e8vcs8._.js:776
[  149573ms] [LOG] [Fast Refresh] done in 329ms @ http://localhost:3100/_next/static/chunks/node_modules_next_dist_1e8vcs8._.js:776
[  149618ms] [LOG] [Fast Refresh] done in 329ms @ http://localhost:3100/_next/static/chunks/node_modules_next_dist_1e8vcs8._.js:776
[  149661ms] [LOG] [Fast Refresh] done in 329ms @ http://localhost:3100/_next/static/chunks/node_modules_next_dist_1e8vcs8._.js:776
[  149702ms] [LOG] [Fast Refresh] done in 329ms @ http://localhost:3100/_next/static/chunks/node_modules_next_dist_1e8vcs8._.js:776
[  149744ms] [LOG] [Fast Refresh] done in 329ms @ http://localhost:3100/_next/static/chunks/node_modules_next_dist_1e8vcs8._.js:776
[  149783ms] [LOG] [Fast Refresh] done in 329ms @ http://localhost:3100/_next/static/chunks/node_modules_next_dist_1e8vcs8._.js:776
[  149823ms] [LOG] [Fast Refresh] done in 329ms @ http://localhost:3100/_next/static/chunks/node_modules_next_dist_1e8vcs8._.js:776
[  149864ms] [LOG] [Fast Refresh] done in 329ms @ http://localhost:3100/_next/static/chunks/node_modules_next_dist_1e8vcs8._.js:776
[  149904ms] [LOG] [Fast Refresh] done in 329ms @ http://localhost:3100/_next/static/chunks/node_modules_next_dist_1e8vcs8._.js:776
[  149946ms] [LOG] [Fast Refresh] done in 329ms @ http://localhost:3100/_next/static/chunks/node_modules_next_dist_1e8vcs8._.js:776
[  149986ms] [LOG] [Fast Refresh] done in 329ms @ http://localhost:3100/_next/static/chunks/node_modules_next_dist_1e8vcs8._.js:776
[  150025ms] [LOG] [Fast Refresh] done in 329ms @ http://localhost:3100/_next/static/chunks/node_modules_next_dist_1e8vcs8._.js:776
[  150065ms] [LOG] [Fast Refresh] done in 329ms @ http://localhost:3100/_next/static/chunks/node_modules_next_dist_1e8vcs8._.js:776
[  150108ms] [LOG] [Fast Refresh] done in 329ms @ http://localhost:3100/_next/static/chunks/node_modules_next_dist_1e8vcs8._.js:776
[  150149ms] [LOG] [Fast Refresh] done in 329ms @ http://localhost:3100/_next/static/chunks/node_modules_next_dist_1e8vcs8._.js:776
[  150188ms] [LOG] [Fast Refresh] done in 329ms @ http://localhost:3100/_next/static/chunks/node_modules_next_dist_1e8vcs8._.js:776
[  150232ms] [LOG] [Fast Refresh] done in 329ms @ http://localhost:3100/_next/static/chunks/node_modules_next_dist_1e8vcs8._.js:776
[  150273ms] [LOG] [Fast Refresh] done in 329ms @ http://localhost:3100/_next/static/chunks/node_modules_next_dist_1e8vcs8._.js:776
[  150314ms] [LOG] [Fast Refresh] done in 329ms @ http://localhost:3100/_next/static/chunks/node_modules_next_dist_1e8vcs8._.js:776
[  150402ms] [LOG] [Fast Refresh] done in 329ms @ http://localhost:3100/_next/static/chunks/node_modules_next_dist_1e8vcs8._.js:776
[  150444ms] [LOG] [Fast Refresh] done in 329ms @ http://localhost:3100/_next/static/chunks/node_modules_next_dist_1e8vcs8._.js:776
[  150484ms] [LOG] [Fast Refresh] done in 329ms @ http://localhost:3100/_next/static/chunks/node_modules_next_dist_1e8vcs8._.js:776
[  150526ms] [LOG] [Fast Refresh] done in 329ms @ http://localhost:3100/_next/static/chunks/node_modules_next_dist_1e8vcs8._.js:776
[  150566ms] [LOG] [Fast Refresh] done in 329ms @ http://localhost:3100/_next/static/chunks/node_modules_next_dist_1e8vcs8._.js:776
[  150610ms] [LOG] [Fast Refresh] done in 329ms @ http://localhost:3100/_next/static/chunks/node_modules_next_dist_1e8vcs8._.js:776
[  150650ms] [LOG] [Fast Refresh] done in 329ms @ http://localhost:3100/_next/static/chunks/node_modules_next_dist_1e8vcs8._.js:776
[  150693ms] [LOG] [Fast Refresh] done in 329ms @ http://localhost:3100/_next/static/chunks/node_modules_next_dist_1e8vcs8._.js:776
[  150732ms] [LOG] [Fast Refresh] done in 329ms @ http://localhost:3100/_next/static/chunks/node_modules_next_dist_1e8vcs8._.js:776
[  150782ms] [LOG] [Fast Refresh] done in 329ms @ http://localhost:3100/_next/static/chunks/node_modules_next_dist_1e8vcs8._.js:776
[  150823ms] [LOG] [Fast Refresh] done in 329ms @ http://localhost:3100/_next/static/chunks/node_modules_next_dist_1e8vcs8._.js:776
[  150864ms] [LOG] [Fast Refresh] done in 329ms @ http://localhost:3100/_next/static/chunks/node_modules_next_dist_1e8vcs8._.js:776
[  150907ms] [LOG] [Fast Refresh] done in 329ms @ http://localhost:3100/_next/static/chunks/node_modules_next_dist_1e8vcs8._.js:776
[  150948ms] [LOG] [Fast Refresh] done in 329ms @ http://localhost:3100/_next/static/chunks/node_modules_next_dist_1e8vcs8._.js:776
[  151027ms] [LOG] [Fast Refresh] done in 329ms @ http://localhost:3100/_next/static/chunks/node_modules_next_dist_1e8vcs8._.js:776
[  151070ms] [LOG] [Fast Refresh] done in 329ms @ http://localhost:3100/_next/static/chunks/node_modules_next_dist_1e8vcs8._.js:776
[  151112ms] [LOG] [Fast Refresh] done in 329ms @ http://localhost:3100/_next/static/chunks/node_modules_next_dist_1e8vcs8._.js:776
[  151158ms] [LOG] [Fast Refresh] done in 329ms @ http://localhost:3100/_next/static/chunks/node_modules_next_dist_1e8vcs8._.js:776
[  151201ms] [LOG] [Fast Refresh] done in 329ms @ http://localhost:3100/_next/static/chunks/node_modules_next_dist_1e8vcs8._.js:776
[  151248ms] [LOG] [Fast Refresh] done in 329ms @ http://localhost:3100/_next/static/chunks/node_modules_next_dist_1e8vcs8._.js:776
[  151290ms] [LOG] [Fast Refresh] done in 329ms @ http://localhost:3100/_next/static/chunks/node_modules_next_dist_1e8vcs8._.js:776
[  151335ms] [LOG] [Fast Refresh] done in 329ms @ http://localhost:3100/_next/static/chunks/node_modules_next_dist_1e8vcs8._.js:776
[  151375ms] [LOG] [Fast Refresh] done in 329ms @ http://localhost:3100/_next/static/chunks/node_modules_next_dist_1e8vcs8._.js:776
[  151415ms] [LOG] [Fast Refresh] done in 329ms @ http://localhost:3100/_next/static/chunks/node_modules_next_dist_1e8vcs8._.js:776
[  151457ms] [LOG] [Fast Refresh] done in 329ms @ http://localhost:3100/_next/static/chunks/node_modules_next_dist_1e8vcs8._.js:776
[  151499ms] [LOG] [Fast Refresh] done in 329ms @ http://localhost:3100/_next/static/chunks/node_modules_next_dist_1e8vcs8._.js:776
[  151542ms] [LOG] [Fast Refresh] done in 329ms @ http://localhost:3100/_next/static/chunks/node_modules_next_dist_1e8vcs8._.js:776
[  151583ms] [LOG] [Fast Refresh] done in 329ms @ http://localhost:3100/_next/static/chunks/node_modules_next_dist_1e8vcs8._.js:776
[  151662ms] [LOG] [Fast Refresh] done in 329ms @ http://localhost:3100/_next/static/chunks/node_modules_next_dist_1e8vcs8._.js:776
[  151704ms] [LOG] [Fast Refresh] done in 329ms @ http://localhost:3100/_next/static/chunks/node_modules_next_dist_1e8vcs8._.js:776
[  151743ms] [LOG] [Fast Refresh] done in 329ms @ http://localhost:3100/_next/static/chunks/node_modules_next_dist_1e8vcs8._.js:776
[  151784ms] [LOG] [Fast Refresh] done in 329ms @ http://localhost:3100/_next/static/chunks/node_modules_next_dist_1e8vcs8._.js:776
[  151825ms] [LOG] [Fast Refresh] done in 329ms @ http://localhost:3100/_next/static/chunks/node_modules_next_dist_1e8vcs8._.js:776
[  151866ms] [LOG] [Fast Refresh] done in 329ms @ http://localhost:3100/_next/static/chunks/node_modules_next_dist_1e8vcs8._.js:776
[  151908ms] [LOG] [Fast Refresh] done in 329ms @ http://localhost:3100/_next/static/chunks/node_modules_next_dist_1e8vcs8._.js:776
[  151948ms] [LOG] [Fast Refresh] done in 329ms @ http://localhost:3100/_next/static/chunks/node_modules_next_dist_1e8vcs8._.js:776
[  151987ms] [LOG] [Fast Refresh] done in 329ms @ http://localhost:3100/_next/static/chunks/node_modules_next_dist_1e8vcs8._.js:776
[  152029ms] [LOG] [Fast Refresh] done in 329ms @ http://localhost:3100/_next/static/chunks/node_modules_next_dist_1e8vcs8._.js:776
[  152068ms] [LOG] [Fast Refresh] done in 329ms @ http://localhost:3100/_next/static/chunks/node_modules_next_dist_1e8vcs8._.js:776
[  152109ms] [LOG] [Fast Refresh] done in 329ms @ http://localhost:3100/_next/static/chunks/node_modules_next_dist_1e8vcs8._.js:776
[  152151ms] [LOG] [Fast Refresh] done in 329ms @ http://localhost:3100/_next/static/chunks/node_modules_next_dist_1e8vcs8._.js:776
[  152193ms] [LOG] [Fast Refresh] done in 329ms @ http://localhost:3100/_next/static/chunks/node_modules_next_dist_1e8vcs8._.js:776
[  152248ms] [LOG] [Fast Refresh] done in 329ms @ http://localhost:3100/_next/static/chunks/node_modules_next_dist_1e8vcs8._.js:776
[  152298ms] [LOG] [Fast Refresh] done in 329ms @ http://localhost:3100/_next/static/chunks/node_modules_next_dist_1e8vcs8._.js:776
[  152338ms] [LOG] [Fast Refresh] done in 329ms @ http://localhost:3100/_next/static/chunks/node_modules_next_dist_1e8vcs8._.js:776
[  152382ms] [LOG] [Fast Refresh] done in 329ms @ http://localhost:3100/_next/static/chunks/node_modules_next_dist_1e8vcs8._.js:776
[  152422ms] [LOG] [Fast Refresh] done in 329ms @ http://localhost:3100/_next/static/chunks/node_modules_next_dist_1e8vcs8._.js:776
[  152462ms] [LOG] [Fast Refresh] done in 329ms @ http://localhost:3100/_next/static/chunks/node_modules_next_dist_1e8vcs8._.js:776
[  152505ms] [LOG] [Fast Refresh] done in 329ms @ http://localhost:3100/_next/static/chunks/node_modules_next_dist_1e8vcs8._.js:776
[  152549ms] [LOG] [Fast Refresh] done in 329ms @ http://localhost:3100/_next/static/chunks/node_modules_next_dist_1e8vcs8._.js:776
[  152592ms] [LOG] [Fast Refresh] done in 329ms @ http://localhost:3100/_next/static/chunks/node_modules_next_dist_1e8vcs8._.js:776
[  152634ms] [LOG] [Fast Refresh] done in 329ms @ http://localhost:3100/_next/static/chunks/node_modules_next_dist_1e8vcs8._.js:776
[  152679ms] [LOG] [Fast Refresh] done in 329ms @ http://localhost:3100/_next/static/chunks/node_modules_next_dist_1e8vcs8._.js:776
[  152723ms] [LOG] [Fast Refresh] done in 329ms @ http://localhost:3100/_next/static/chunks/node_modules_next_dist_1e8vcs8._.js:776
[  152765ms] [LOG] [Fast Refresh] done in 329ms @ http://localhost:3100/_next/static/chunks/node_modules_next_dist_1e8vcs8._.js:776
[  152816ms] [LOG] [Fast Refresh] done in 329ms @ http://localhost:3100/_next/static/chunks/node_modules_next_dist_1e8vcs8._.js:776
[  152856ms] [LOG] [Fast Refresh] done in 329ms @ http://localhost:3100/_next/static/chunks/node_modules_next_dist_1e8vcs8._.js:776
[  152899ms] [LOG] [Fast Refresh] done in 329ms @ http://localhost:3100/_next/static/chunks/node_modules_next_dist_1e8vcs8._.js:776
[  152945ms] [LOG] [Fast Refresh] done in 329ms @ http://localhost:3100/_next/static/chunks/node_modules_next_dist_1e8vcs8._.js:776
[  152987ms] [LOG] [Fast Refresh] done in 329ms @ http://localhost:3100/_next/static/chunks/node_modules_next_dist_1e8vcs8._.js:776
[  153035ms] [LOG] [Fast Refresh] done in 329ms @ http://localhost:3100/_next/static/chunks/node_modules_next_dist_1e8vcs8._.js:776
[  153079ms] [LOG] [Fast Refresh] done in 329ms @ http://localhost:3100/_next/static/chunks/node_modules_next_dist_1e8vcs8._.js:776
[  153124ms] [LOG] [Fast Refresh] done in 329ms @ http://localhost:3100/_next/static/chunks/node_modules_next_dist_1e8vcs8._.js:776
[  153165ms] [LOG] [Fast Refresh] done in 329ms @ http://localhost:3100/_next/static/chunks/node_modules_next_dist_1e8vcs8._.js:776
[  153208ms] [LOG] [Fast Refresh] done in 329ms @ http://localhost:3100/_next/static/chunks/node_modules_next_dist_1e8vcs8._.js:776
[  153250ms] [LOG] [Fast Refresh] done in 329ms @ http://localhost:3100/_next/static/chunks/node_modules_next_dist_1e8vcs8._.js:776
[  153293ms] [LOG] [Fast Refresh] done in 329ms @ http://localhost:3100/_next/static/chunks/node_modules_next_dist_1e8vcs8._.js:776
[  153337ms] [LOG] [Fast Refresh] done in 329ms @ http://localhost:3100/_next/static/chunks/node_modules_next_dist_1e8vcs8._.js:776
[  153376ms] [LOG] [Fast Refresh] done in 329ms @ http://localhost:3100/_next/static/chunks/node_modules_next_dist_1e8vcs8._.js:776
[  153420ms] [LOG] [Fast Refresh] done in 329ms @ http://localhost:3100/_next/static/chunks/node_modules_next_dist_1e8vcs8._.js:776
[  153483ms] [LOG] [Fast Refresh] done in 329ms @ http://localhost:3100/_next/static/chunks/node_modules_next_dist_1e8vcs8._.js:776
[  153551ms] [LOG] [Fast Refresh] done in 329ms @ http://localhost:3100/_next/static/chunks/node_modules_next_dist_1e8vcs8._.js:776
[  153596ms] [LOG] [Fast Refresh] done in 329ms @ http://localhost:3100/_next/static/chunks/node_modules_next_dist_1e8vcs8._.js:776
[  153639ms] [LOG] [Fast Refresh] done in 329ms @ http://localhost:3100/_next/static/chunks/node_modules_next_dist_1e8vcs8._.js:776
[  153681ms] [LOG] [Fast Refresh] done in 329ms @ http://localhost:3100/_next/static/chunks/node_modules_next_dist_1e8vcs8._.js:776
[  153722ms] [LOG] [Fast Refresh] done in 329ms @ http://localhost:3100/_next/static/chunks/node_modules_next_dist_1e8vcs8._.js:776
[  153764ms] [LOG] [Fast Refresh] done in 329ms @ http://localhost:3100/_next/static/chunks/node_modules_next_dist_1e8vcs8._.js:776
[  153807ms] [LOG] [Fast Refresh] done in 329ms @ http://localhost:3100/_next/static/chunks/node_modules_next_dist_1e8vcs8._.js:776
[  153852ms] [LOG] [Fast Refresh] done in 329ms @ http://localhost:3100/_next/static/chunks/node_modules_next_dist_1e8vcs8._.js:776
[  153891ms] [LOG] [Fast Refresh] done in 329ms @ http://localhost:3100/_next/static/chunks/node_modules_next_dist_1e8vcs8._.js:776
[  153959ms] [LOG] [Fast Refresh] done in 329ms @ http://localhost:3100/_next/static/chunks/node_modules_next_dist_1e8vcs8._.js:776
[  154025ms] [LOG] [Fast Refresh] done in 329ms @ http://localhost:3100/_next/static/chunks/node_modules_next_dist_1e8vcs8._.js:776
[  154067ms] [LOG] [Fast Refresh] done in 329ms @ http://localhost:3100/_next/static/chunks/node_modules_next_dist_1e8vcs8._.js:776
[  154107ms] [LOG] [Fast Refresh] done in 329ms @ http://localhost:3100/_next/static/chunks/node_modules_next_dist_1e8vcs8._.js:776
[  154153ms] [LOG] [Fast Refresh] done in 329ms @ http://localhost:3100/_next/static/chunks/node_modules_next_dist_1e8vcs8._.js:776
[  154212ms] [LOG] [Fast Refresh] done in 329ms @ http://localhost:3100/_next/static/chunks/node_modules_next_dist_1e8vcs8._.js:776
[  154255ms] [LOG] [Fast Refresh] done in 329ms @ http://localhost:3100/_next/static/chunks/node_modules_next_dist_1e8vcs8._.js:776
[  154295ms] [LOG] [Fast Refresh] done in 329ms @ http://localhost:3100/_next/static/chunks/node_modules_next_dist_1e8vcs8._.js:776
[  154337ms] [LOG] [Fast Refresh] done in 329ms @ http://localhost:3100/_next/static/chunks/node_modules_next_dist_1e8vcs8._.js:776
[  154382ms] [LOG] [Fast Refresh] done in 329ms @ http://localhost:3100/_next/static/chunks/node_modules_next_dist_1e8vcs8._.js:776
[  154424ms] [LOG] [Fast Refresh] done in 329ms @ http://localhost:3100/_next/static/chunks/node_modules_next_dist_1e8vcs8._.js:776
[  154467ms] [LOG] [Fast Refresh] done in 329ms @ http://localhost:3100/_next/static/chunks/node_modules_next_dist_1e8vcs8._.js:776
[  154524ms] [LOG] [Fast Refresh] done in 329ms @ http://localhost:3100/_next/static/chunks/node_modules_next_dist_1e8vcs8._.js:776
[  154571ms] [LOG] [Fast Refresh] done in 329ms @ http://localhost:3100/_next/static/chunks/node_modules_next_dist_1e8vcs8._.js:776
[  154614ms] [LOG] [Fast Refresh] done in 329ms @ http://localhost:3100/_next/static/chunks/node_modules_next_dist_1e8vcs8._.js:776
[  154656ms] [LOG] [Fast Refresh] done in 329ms @ http://localhost:3100/_next/static/chunks/node_modules_next_dist_1e8vcs8._.js:776
[  154700ms] [LOG] [Fast Refresh] done in 329ms @ http://localhost:3100/_next/static/chunks/node_modules_next_dist_1e8vcs8._.js:776
[  154765ms] [LOG] [Fast Refresh] done in 329ms @ http://localhost:3100/_next/static/chunks/node_modules_next_dist_1e8vcs8._.js:776
[  154820ms] [LOG] [Fast Refresh] done in 329ms @ http://localhost:3100/_next/static/chunks/node_modules_next_dist_1e8vcs8._.js:776
[  154865ms] [LOG] [Fast Refresh] done in 329ms @ http://localhost:3100/_next/static/chunks/node_modules_next_dist_1e8vcs8._.js:776
[  154911ms] [LOG] [Fast Refresh] done in 329ms @ http://localhost:3100/_next/static/chunks/node_modules_next_dist_1e8vcs8._.js:776
[  154956ms] [LOG] [Fast Refresh] done in 329ms @ http://localhost:3100/_next/static/chunks/node_modules_next_dist_1e8vcs8._.js:776
[  155000ms] [LOG] [Fast Refresh] done in 329ms @ http://localhost:3100/_next/static/chunks/node_modules_next_dist_1e8vcs8._.js:776
[  155041ms] [LOG] [Fast Refresh] done in 329ms @ http://localhost:3100/_next/static/chunks/node_modules_next_dist_1e8vcs8._.js:776
[  155081ms] [LOG] [Fast Refresh] done in 329ms @ http://localhost:3100/_next/static/chunks/node_modules_next_dist_1e8vcs8._.js:776
[  155125ms] [LOG] [Fast Refresh] done in 329ms @ http://localhost:3100/_next/static/chunks/node_modules_next_dist_1e8vcs8._.js:776
[  155168ms] [LOG] [Fast Refresh] done in 329ms @ http://localhost:3100/_next/static/chunks/node_modules_next_dist_1e8vcs8._.js:776
[  155210ms] [LOG] [Fast Refresh] done in 329ms @ http://localhost:3100/_next/static/chunks/node_modules_next_dist_1e8vcs8._.js:776
[  155252ms] [LOG] [Fast Refresh] done in 329ms @ http://localhost:3100/_next/static/chunks/node_modules_next_dist_1e8vcs8._.js:776
[  155295ms] [LOG] [Fast Refresh] done in 329ms @ http://localhost:3100/_next/static/chunks/node_modules_next_dist_1e8vcs8._.js:776
[  155336ms] [LOG] [Fast Refresh] done in 329ms @ http://localhost:3100/_next/static/chunks/node_modules_next_dist_1e8vcs8._.js:776
[  155375ms] [LOG] [Fast Refresh] done in 329ms @ http://localhost:3100/_next/static/chunks/node_modules_next_dist_1e8vcs8._.js:776
[  155418ms] [LOG] [Fast Refresh] done in 329ms @ http://localhost:3100/_next/static/chunks/node_modules_next_dist_1e8vcs8._.js:776
[  155466ms] [LOG] [Fast Refresh] done in 329ms @ http://localhost:3100/_next/static/chunks/node_modules_next_dist_1e8vcs8._.js:776
[  155522ms] [LOG] [Fast Refresh] done in 329ms @ http://localhost:3100/_next/static/chunks/node_modules_next_dist_1e8vcs8._.js:776
[  155567ms] [LOG] [Fast Refresh] done in 329ms @ http://localhost:3100/_next/static/chunks/node_modules_next_dist_1e8vcs8._.js:776
[  155610ms] [LOG] [Fast Refresh] done in 329ms @ http://localhost:3100/_next/static/chunks/node_modules_next_dist_1e8vcs8._.js:776
[  155654ms] [LOG] [Fast Refresh] done in 329ms @ http://localhost:3100/_next/static/chunks/node_modules_next_dist_1e8vcs8._.js:776
[  155693ms] [LOG] [Fast Refresh] done in 329ms @ http://localhost:3100/_next/static/chunks/node_modules_next_dist_1e8vcs8._.js:776
[  155739ms] [LOG] [Fast Refresh] done in 329ms @ http://localhost:3100/_next/static/chunks/node_modules_next_dist_1e8vcs8._.js:776
[  155791ms] [LOG] [Fast Refresh] done in 329ms @ http://localhost:3100/_next/static/chunks/node_modules_next_dist_1e8vcs8._.js:776
[  155833ms] [LOG] [Fast Refresh] done in 329ms @ http://localhost:3100/_next/static/chunks/node_modules_next_dist_1e8vcs8._.js:776
[  155876ms] [LOG] [Fast Refresh] done in 329ms @ http://localhost:3100/_next/static/chunks/node_modules_next_dist_1e8vcs8._.js:776
[  155924ms] [LOG] [Fast Refresh] done in 329ms @ http://localhost:3100/_next/static/chunks/node_modules_next_dist_1e8vcs8._.js:776
[  155966ms] [LOG] [Fast Refresh] done in 329ms @ http://localhost:3100/_next/static/chunks/node_modules_next_dist_1e8vcs8._.js:776
[  156010ms] [LOG] [Fast Refresh] done in 329ms @ http://localhost:3100/_next/static/chunks/node_modules_next_dist_1e8vcs8._.js:776
[  156055ms] [LOG] [Fast Refresh] done in 329ms @ http://localhost:3100/_next/static/chunks/node_modules_next_dist_1e8vcs8._.js:776
[  156097ms] [LOG] [Fast Refresh] done in 329ms @ http://localhost:3100/_next/static/chunks/node_modules_next_dist_1e8vcs8._.js:776
[  156140ms] [LOG] [Fast Refresh] done in 329ms @ http://localhost:3100/_next/static/chunks/node_modules_next_dist_1e8vcs8._.js:776
[  156185ms] [LOG] [Fast Refresh] done in 329ms @ http://localhost:3100/_next/static/chunks/node_modules_next_dist_1e8vcs8._.js:776
[  156233ms] [LOG] [Fast Refresh] done in 329ms @ http://localhost:3100/_next/static/chunks/node_modules_next_dist_1e8vcs8._.js:776
[  156286ms] [LOG] [Fast Refresh] done in 329ms @ http://localhost:3100/_next/static/chunks/node_modules_next_dist_1e8vcs8._.js:776
[  156328ms] [LOG] [Fast Refresh] done in 329ms @ http://localhost:3100/_next/static/chunks/node_modules_next_dist_1e8vcs8._.js:776
[  156370ms] [LOG] [Fast Refresh] done in 329ms @ http://localhost:3100/_next/static/chunks/node_modules_next_dist_1e8vcs8._.js:776
[  156411ms] [LOG] [Fast Refresh] done in 329ms @ http://localhost:3100/_next/static/chunks/node_modules_next_dist_1e8vcs8._.js:776
[  156453ms] [LOG] [Fast Refresh] done in 329ms @ http://localhost:3100/_next/static/chunks/node_modules_next_dist_1e8vcs8._.js:776
[  156501ms] [LOG] [Fast Refresh] done in 329ms @ http://localhost:3100/_next/static/chunks/node_modules_next_dist_1e8vcs8._.js:776
[  156541ms] [LOG] [Fast Refresh] done in 329ms @ http://localhost:3100/_next/static/chunks/node_modules_next_dist_1e8vcs8._.js:776
[  156584ms] [LOG] [Fast Refresh] done in 329ms @ http://localhost:3100/_next/static/chunks/node_modules_next_dist_1e8vcs8._.js:776
[  156624ms] [LOG] [Fast Refresh] done in 329ms @ http://localhost:3100/_next/static/chunks/node_modules_next_dist_1e8vcs8._.js:776
[  156664ms] [LOG] [Fast Refresh] done in 329ms @ http://localhost:3100/_next/static/chunks/node_modules_next_dist_1e8vcs8._.js:776
[  156707ms] [LOG] [Fast Refresh] done in 329ms @ http://localhost:3100/_next/static/chunks/node_modules_next_dist_1e8vcs8._.js:776
[  156748ms] [LOG] [Fast Refresh] done in 329ms @ http://localhost:3100/_next/static/chunks/node_modules_next_dist_1e8vcs8._.js:776
[  156795ms] [LOG] [Fast Refresh] done in 329ms @ http://localhost:3100/_next/static/chunks/node_modules_next_dist_1e8vcs8._.js:776
[  156835ms] [LOG] [Fast Refresh] done in 329ms @ http://localhost:3100/_next/static/chunks/node_modules_next_dist_1e8vcs8._.js:776
[  156876ms] [LOG] [Fast Refresh] done in 329ms @ http://localhost:3100/_next/static/chunks/node_modules_next_dist_1e8vcs8._.js:776
[  156917ms] [LOG] [Fast Refresh] done in 329ms @ http://localhost:3100/_next/static/chunks/node_modules_next_dist_1e8vcs8._.js:776
[  156957ms] [LOG] [Fast Refresh] done in 329ms @ http://localhost:3100/_next/static/chunks/node_modules_next_dist_1e8vcs8._.js:776
[  156998ms] [LOG] [Fast Refresh] done in 329ms @ http://localhost:3100/_next/static/chunks/node_modules_next_dist_1e8vcs8._.js:776
[  157039ms] [LOG] [Fast Refresh] done in 329ms @ http://localhost:3100/_next/static/chunks/node_modules_next_dist_1e8vcs8._.js:776
[  157082ms] [LOG] [Fast Refresh] done in 329ms @ http://localhost:3100/_next/static/chunks/node_modules_next_dist_1e8vcs8._.js:776
[  157123ms] [LOG] [Fast Refresh] done in 329ms @ http://localhost:3100/_next/static/chunks/node_modules_next_dist_1e8vcs8._.js:776
[  157164ms] [LOG] [Fast Refresh] done in 329ms @ http://localhost:3100/_next/static/chunks/node_modules_next_dist_1e8vcs8._.js:776
[  157208ms] [LOG] [Fast Refresh] done in 329ms @ http://localhost:3100/_next/static/chunks/node_modules_next_dist_1e8vcs8._.js:776
[  157257ms] [LOG] [Fast Refresh] done in 329ms @ http://localhost:3100/_next/static/chunks/node_modules_next_dist_1e8vcs8._.js:776
[  157333ms] [LOG] [Fast Refresh] done in 329ms @ http://localhost:3100/_next/static/chunks/node_modules_next_dist_1e8vcs8._.js:776
[  157375ms] [LOG] [Fast Refresh] done in 329ms @ http://localhost:3100/_next/static/chunks/node_modules_next_dist_1e8vcs8._.js:776
[  157423ms] [LOG] [Fast Refresh] done in 329ms @ http://localhost:3100/_next/static/chunks/node_modules_next_dist_1e8vcs8._.js:776
[  157462ms] [LOG] [Fast Refresh] done in 329ms @ http://localhost:3100/_next/static/chunks/node_modules_next_dist_1e8vcs8._.js:776
[  157503ms] [LOG] [Fast Refresh] done in 329ms @ http://localhost:3100/_next/static/chunks/node_modules_next_dist_1e8vcs8._.js:776
[  157545ms] [LOG] [Fast Refresh] done in 329ms @ http://localhost:3100/_next/static/chunks/node_modules_next_dist_1e8vcs8._.js:776
[  157586ms] [LOG] [Fast Refresh] done in 329ms @ http://localhost:3100/_next/static/chunks/node_modules_next_dist_1e8vcs8._.js:776
[  157626ms] [LOG] [Fast Refresh] done in 329ms @ http://localhost:3100/_next/static/chunks/node_modules_next_dist_1e8vcs8._.js:776
[  157667ms] [LOG] [Fast Refresh] done in 329ms @ http://localhost:3100/_next/static/chunks/node_modules_next_dist_1e8vcs8._.js:776
[  157709ms] [LOG] [Fast Refresh] done in 329ms @ http://localhost:3100/_next/static/chunks/node_modules_next_dist_1e8vcs8._.js:776
[  157750ms] [LOG] [Fast Refresh] done in 329ms @ http://localhost:3100/_next/static/chunks/node_modules_next_dist_1e8vcs8._.js:776
[  157790ms] [LOG] [Fast Refresh] done in 329ms @ http://localhost:3100/_next/static/chunks/node_modules_next_dist_1e8vcs8._.js:776
[  157833ms] [LOG] [Fast Refresh] done in 329ms @ http://localhost:3100/_next/static/chunks/node_modules_next_dist_1e8vcs8._.js:776
[  157872ms] [LOG] [Fast Refresh] done in 329ms @ http://localhost:3100/_next/static/chunks/node_modules_next_dist_1e8vcs8._.js:776
[  157913ms] [LOG] [Fast Refresh] done in 329ms @ http://localhost:3100/_next/static/chunks/node_modules_next_dist_1e8vcs8._.js:776
[  157953ms] [LOG] [Fast Refresh] done in 329ms @ http://localhost:3100/_next/static/chunks/node_modules_next_dist_1e8vcs8._.js:776
[  157993ms] [LOG] [Fast Refresh] done in 329ms @ http://localhost:3100/_next/static/chunks/node_modules_next_dist_1e8vcs8._.js:776
[  158042ms] [LOG] [Fast Refresh] done in 329ms @ http://localhost:3100/_next/static/chunks/node_modules_next_dist_1e8vcs8._.js:776
[  158088ms] [LOG] [Fast Refresh] done in 329ms @ http://localhost:3100/_next/static/chunks/node_modules_next_dist_1e8vcs8._.js:776
[  158134ms] [LOG] [Fast Refresh] done in 329ms @ http://localhost:3100/_next/static/chunks/node_modules_next_dist_1e8vcs8._.js:776
[  158181ms] [LOG] [Fast Refresh] done in 329ms @ http://localhost:3100/_next/static/chunks/node_modules_next_dist_1e8vcs8._.js:776
[  158222ms] [LOG] [Fast Refresh] done in 329ms @ http://localhost:3100/_next/static/chunks/node_modules_next_dist_1e8vcs8._.js:776
[  158261ms] [LOG] [Fast Refresh] done in 329ms @ http://localhost:3100/_next/static/chunks/node_modules_next_dist_1e8vcs8._.js:776
[  158313ms] [LOG] [Fast Refresh] done in 329ms @ http://localhost:3100/_next/static/chunks/node_modules_next_dist_1e8vcs8._.js:776
[  158355ms] [LOG] [Fast Refresh] done in 329ms @ http://localhost:3100/_next/static/chunks/node_modules_next_dist_1e8vcs8._.js:776
[  158396ms] [LOG] [Fast Refresh] done in 329ms @ http://localhost:3100/_next/static/chunks/node_modules_next_dist_1e8vcs8._.js:776
[  158436ms] [LOG] [Fast Refresh] done in 329ms @ http://localhost:3100/_next/static/chunks/node_modules_next_dist_1e8vcs8._.js:776
[  158478ms] [LOG] [Fast Refresh] done in 329ms @ http://localhost:3100/_next/static/chunks/node_modules_next_dist_1e8vcs8._.js:776
[  158519ms] [LOG] [Fast Refresh] done in 329ms @ http://localhost:3100/_next/static/chunks/node_modules_next_dist_1e8vcs8._.js:776
[  158572ms] [LOG] [Fast Refresh] done in 329ms @ http://localhost:3100/_next/static/chunks/node_modules_next_dist_1e8vcs8._.js:776
[  158615ms] [LOG] [Fast Refresh] done in 329ms @ http://localhost:3100/_next/static/chunks/node_modules_next_dist_1e8vcs8._.js:776
[  158656ms] [LOG] [Fast Refresh] done in 329ms @ http://localhost:3100/_next/static/chunks/node_modules_next_dist_1e8vcs8._.js:776
[  158720ms] [LOG] [Fast Refresh] done in 329ms @ http://localhost:3100/_next/static/chunks/node_modules_next_dist_1e8vcs8._.js:776
[  167502ms] [LOG] [Fast Refresh] rebuilding @ http://localhost:3100/_next/static/chunks/node_modules_next_dist_1e8vcs8._.js:776
[  167583ms] [LOG] [Fast Refresh] done in 24ms @ http://localhost:3100/_next/static/chunks/node_modules_next_dist_1e8vcs8._.js:776
[  167624ms] [LOG] [Fast Refresh] done in 24ms @ http://localhost:3100/_next/static/chunks/node_modules_next_dist_1e8vcs8._.js:776
[  167672ms] [LOG] [Fast Refresh] done in 24ms @ http://localhost:3100/_next/static/chunks/node_modules_next_dist_1e8vcs8._.js:776
[  167719ms] [LOG] [Fast Refresh] done in 24ms @ http://localhost:3100/_next/static/chunks/node_modules_next_dist_1e8vcs8._.js:776
[  167762ms] [LOG] [Fast Refresh] done in 24ms @ http://localhost:3100/_next/static/chunks/node_modules_next_dist_1e8vcs8._.js:776
[  167806ms] [LOG] [Fast Refresh] done in 24ms @ http://localhost:3100/_next/static/chunks/node_modules_next_dist_1e8vcs8._.js:776
[  167849ms] [LOG] [Fast Refresh] done in 24ms @ http://localhost:3100/_next/static/chunks/node_modules_next_dist_1e8vcs8._.js:776
[  167901ms] [LOG] [Fast Refresh] done in 24ms @ http://localhost:3100/_next/static/chunks/node_modules_next_dist_1e8vcs8._.js:776
[  167946ms] [LOG] [Fast Refresh] done in 24ms @ http://localhost:3100/_next/static/chunks/node_modules_next_dist_1e8vcs8._.js:776
[  167989ms] [LOG] [Fast Refresh] done in 24ms @ http://localhost:3100/_next/static/chunks/node_modules_next_dist_1e8vcs8._.js:776
[  168032ms] [LOG] [Fast Refresh] done in 24ms @ http://localhost:3100/_next/static/chunks/node_modules_next_dist_1e8vcs8._.js:776
[  168076ms] [LOG] [Fast Refresh] done in 24ms @ http://localhost:3100/_next/static/chunks/node_modules_next_dist_1e8vcs8._.js:776
[  168120ms] [LOG] [Fast Refresh] done in 24ms @ http://localhost:3100/_next/static/chunks/node_modules_next_dist_1e8vcs8._.js:776
[  168165ms] [LOG] [Fast Refresh] done in 24ms @ http://localhost:3100/_next/static/chunks/node_modules_next_dist_1e8vcs8._.js:776
[  168208ms] [LOG] [Fast Refresh] done in 24ms @ http://localhost:3100/_next/static/chunks/node_modules_next_dist_1e8vcs8._.js:776
[  168248ms] [LOG] [Fast Refresh] done in 24ms @ http://localhost:3100/_next/static/chunks/node_modules_next_dist_1e8vcs8._.js:776
[  168297ms] [LOG] [Fast Refresh] done in 24ms @ http://localhost:3100/_next/static/chunks/node_modules_next_dist_1e8vcs8._.js:776
[  168351ms] [LOG] [Fast Refresh] done in 24ms @ http://localhost:3100/_next/static/chunks/node_modules_next_dist_1e8vcs8._.js:776
[  168394ms] [LOG] [Fast Refresh] done in 24ms @ http://localhost:3100/_next/static/chunks/node_modules_next_dist_1e8vcs8._.js:776
[  168435ms] [LOG] [Fast Refresh] done in 24ms @ http://localhost:3100/_next/static/chunks/node_modules_next_dist_1e8vcs8._.js:776
[  168478ms] [LOG] [Fast Refresh] done in 24ms @ http://localhost:3100/_next/static/chunks/node_modules_next_dist_1e8vcs8._.js:776
[  168519ms] [LOG] [Fast Refresh] done in 24ms @ http://localhost:3100/_next/static/chunks/node_modules_next_dist_1e8vcs8._.js:776
[  168570ms] [LOG] [Fast Refresh] done in 24ms @ http://localhost:3100/_next/static/chunks/node_modules_next_dist_1e8vcs8._.js:776
[  168614ms] [LOG] [Fast Refresh] done in 24ms @ http://localhost:3100/_next/static/chunks/node_modules_next_dist_1e8vcs8._.js:776
[  168654ms] [LOG] [Fast Refresh] done in 24ms @ http://localhost:3100/_next/static/chunks/node_modules_next_dist_1e8vcs8._.js:776
[  168700ms] [LOG] [Fast Refresh] done in 24ms @ http://localhost:3100/_next/static/chunks/node_modules_next_dist_1e8vcs8._.js:776
[  168745ms] [LOG] [Fast Refresh] done in 24ms @ http://localhost:3100/_next/static/chunks/node_modules_next_dist_1e8vcs8._.js:776
[  168786ms] [LOG] [Fast Refresh] done in 24ms @ http://localhost:3100/_next/static/chunks/node_modules_next_dist_1e8vcs8._.js:776
[  168830ms] [LOG] [Fast Refresh] done in 24ms @ http://localhost:3100/_next/static/chunks/node_modules_next_dist_1e8vcs8._.js:776
[  168876ms] [LOG] [Fast Refresh] done in 24ms @ http://localhost:3100/_next/static/chunks/node_modules_next_dist_1e8vcs8._.js:776
[  168918ms] [LOG] [Fast Refresh] done in 24ms @ http://localhost:3100/_next/static/chunks/node_modules_next_dist_1e8vcs8._.js:776
[  168959ms] [LOG] [Fast Refresh] done in 24ms @ http://localhost:3100/_next/static/chunks/node_modules_next_dist_1e8vcs8._.js:776
[  169003ms] [LOG] [Fast Refresh] done in 24ms @ http://localhost:3100/_next/static/chunks/node_modules_next_dist_1e8vcs8._.js:776
[  169045ms] [LOG] [Fast Refresh] done in 24ms @ http://localhost:3100/_next/static/chunks/node_modules_next_dist_1e8vcs8._.js:776
[  169088ms] [LOG] [Fast Refresh] done in 24ms @ http://localhost:3100/_next/static/chunks/node_modules_next_dist_1e8vcs8._.js:776
[  169132ms] [LOG] [Fast Refresh] done in 24ms @ http://localhost:3100/_next/static/chunks/node_modules_next_dist_1e8vcs8._.js:776
[  193186ms] [LOG] [Fast Refresh] rebuilding @ http://localhost:3100/_next/static/chunks/node_modules_next_dist_1e8vcs8._.js:776
[  193346ms] [LOG] [Fast Refresh] done in 199ms @ http://localhost:3100/_next/static/chunks/node_modules_next_dist_1e8vcs8._.js:776
[  193388ms] [LOG] [Fast Refresh] done in 199ms @ http://localhost:3100/_next/static/chunks/node_modules_next_dist_1e8vcs8._.js:776
[  193430ms] [LOG] [Fast Refresh] done in 199ms @ http://localhost:3100/_next/static/chunks/node_modules_next_dist_1e8vcs8._.js:776
[  193473ms] [LOG] [Fast Refresh] done in 199ms @ http://localhost:3100/_next/static/chunks/node_modules_next_dist_1e8vcs8._.js:776
[  193515ms] [LOG] [Fast Refresh] done in 199ms @ http://localhost:3100/_next/static/chunks/node_modules_next_dist_1e8vcs8._.js:776
[  193558ms] [LOG] [Fast Refresh] done in 199ms @ http://localhost:3100/_next/static/chunks/node_modules_next_dist_1e8vcs8._.js:776
[  193607ms] [LOG] [Fast Refresh] done in 199ms @ http://localhost:3100/_next/static/chunks/node_modules_next_dist_1e8vcs8._.js:776
[  193658ms] [LOG] [Fast Refresh] done in 199ms @ http://localhost:3100/_next/static/chunks/node_modules_next_dist_1e8vcs8._.js:776
[  193714ms] [LOG] [Fast Refresh] done in 199ms @ http://localhost:3100/_next/static/chunks/node_modules_next_dist_1e8vcs8._.js:776
[  193755ms] [LOG] [Fast Refresh] done in 199ms @ http://localhost:3100/_next/static/chunks/node_modules_next_dist_1e8vcs8._.js:776
[  193798ms] [LOG] [Fast Refresh] done in 199ms @ http://localhost:3100/_next/static/chunks/node_modules_next_dist_1e8vcs8._.js:776
[  193841ms] [LOG] [Fast Refresh] done in 199ms @ http://localhost:3100/_next/static/chunks/node_modules_next_dist_1e8vcs8._.js:776
[  193886ms] [LOG] [Fast Refresh] done in 199ms @ http://localhost:3100/_next/static/chunks/node_modules_next_dist_1e8vcs8._.js:776
[  193929ms] [LOG] [Fast Refresh] done in 199ms @ http://localhost:3100/_next/static/chunks/node_modules_next_dist_1e8vcs8._.js:776
[  193972ms] [LOG] [Fast Refresh] done in 199ms @ http://localhost:3100/_next/static/chunks/node_modules_next_dist_1e8vcs8._.js:776
[  194023ms] [LOG] [Fast Refresh] done in 199ms @ http://localhost:3100/_next/static/chunks/node_modules_next_dist_1e8vcs8._.js:776
[  194062ms] [LOG] [Fast Refresh] done in 199ms @ http://localhost:3100/_next/static/chunks/node_modules_next_dist_1e8vcs8._.js:776
[  194102ms] [LOG] [Fast Refresh] done in 199ms @ http://localhost:3100/_next/static/chunks/node_modules_next_dist_1e8vcs8._.js:776
[  194146ms] [LOG] [Fast Refresh] done in 199ms @ http://localhost:3100/_next/static/chunks/node_modules_next_dist_1e8vcs8._.js:776
[  194191ms] [LOG] [Fast Refresh] done in 199ms @ http://localhost:3100/_next/static/chunks/node_modules_next_dist_1e8vcs8._.js:776
[  194234ms] [LOG] [Fast Refresh] done in 199ms @ http://localhost:3100/_next/static/chunks/node_modules_next_dist_1e8vcs8._.js:776
[  194274ms] [LOG] [Fast Refresh] done in 199ms @ http://localhost:3100/_next/static/chunks/node_modules_next_dist_1e8vcs8._.js:776
[  194318ms] [LOG] [Fast Refresh] done in 199ms @ http://localhost:3100/_next/static/chunks/node_modules_next_dist_1e8vcs8._.js:776
[  194371ms] [LOG] [Fast Refresh] done in 199ms @ http://localhost:3100/_next/static/chunks/node_modules_next_dist_1e8vcs8._.js:776
[  194412ms] [LOG] [Fast Refresh] done in 199ms @ http://localhost:3100/_next/static/chunks/node_modules_next_dist_1e8vcs8._.js:776
[  194455ms] [LOG] [Fast Refresh] done in 199ms @ http://localhost:3100/_next/static/chunks/node_modules_next_dist_1e8vcs8._.js:776
[  194524ms] [LOG] [Fast Refresh] done in 199ms @ http://localhost:3100/_next/static/chunks/node_modules_next_dist_1e8vcs8._.js:776
[  194596ms] [LOG] [Fast Refresh] done in 199ms @ http://localhost:3100/_next/static/chunks/node_modules_next_dist_1e8vcs8._.js:776
[  194637ms] [LOG] [Fast Refresh] done in 199ms @ http://localhost:3100/_next/static/chunks/node_modules_next_dist_1e8vcs8._.js:776
[  194684ms] [LOG] [Fast Refresh] done in 199ms @ http://localhost:3100/_next/static/chunks/node_modules_next_dist_1e8vcs8._.js:776
[  194723ms] [LOG] [Fast Refresh] done in 199ms @ http://localhost:3100/_next/static/chunks/node_modules_next_dist_1e8vcs8._.js:776
[  194764ms] [LOG] [Fast Refresh] done in 199ms @ http://localhost:3100/_next/static/chunks/node_modules_next_dist_1e8vcs8._.js:776
[  194805ms] [LOG] [Fast Refresh] done in 199ms @ http://localhost:3100/_next/static/chunks/node_modules_next_dist_1e8vcs8._.js:776
[  194850ms] [LOG] [Fast Refresh] done in 199ms @ http://localhost:3100/_next/static/chunks/node_modules_next_dist_1e8vcs8._.js:776
[  194891ms] [LOG] [Fast Refresh] done in 199ms @ http://localhost:3100/_next/static/chunks/node_modules_next_dist_1e8vcs8._.js:776
[  194932ms] [LOG] [Fast Refresh] done in 199ms @ http://localhost:3100/_next/static/chunks/node_modules_next_dist_1e8vcs8._.js:776
[  194971ms] [LOG] [Fast Refresh] done in 199ms @ http://localhost:3100/_next/static/chunks/node_modules_next_dist_1e8vcs8._.js:776
[  195010ms] [LOG] [Fast Refresh] done in 199ms @ http://localhost:3100/_next/static/chunks/node_modules_next_dist_1e8vcs8._.js:776
[  195050ms] [LOG] [Fast Refresh] done in 199ms @ http://localhost:3100/_next/static/chunks/node_modules_next_dist_1e8vcs8._.js:776
[  195088ms] [LOG] [Fast Refresh] done in 199ms @ http://localhost:3100/_next/static/chunks/node_modules_next_dist_1e8vcs8._.js:776
[  195130ms] [LOG] [Fast Refresh] done in 199ms @ http://localhost:3100/_next/static/chunks/node_modules_next_dist_1e8vcs8._.js:776
[  195170ms] [LOG] [Fast Refresh] done in 199ms @ http://localhost:3100/_next/static/chunks/node_modules_next_dist_1e8vcs8._.js:776
[  195209ms] [LOG] [Fast Refresh] done in 199ms @ http://localhost:3100/_next/static/chunks/node_modules_next_dist_1e8vcs8._.js:776
[  195249ms] [LOG] [Fast Refresh] done in 199ms @ http://localhost:3100/_next/static/chunks/node_modules_next_dist_1e8vcs8._.js:776
[  195289ms] [LOG] [Fast Refresh] done in 199ms @ http://localhost:3100/_next/static/chunks/node_modules_next_dist_1e8vcs8._.js:776
[  195328ms] [LOG] [Fast Refresh] done in 199ms @ http://localhost:3100/_next/static/chunks/node_modules_next_dist_1e8vcs8._.js:776
[  195367ms] [LOG] [Fast Refresh] done in 199ms @ http://localhost:3100/_next/static/chunks/node_modules_next_dist_1e8vcs8._.js:776
[  195407ms] [LOG] [Fast Refresh] done in 199ms @ http://localhost:3100/_next/static/chunks/node_modules_next_dist_1e8vcs8._.js:776
[  195448ms] [LOG] [Fast Refresh] done in 199ms @ http://localhost:3100/_next/static/chunks/node_modules_next_dist_1e8vcs8._.js:776
[  195486ms] [LOG] [Fast Refresh] done in 199ms @ http://localhost:3100/_next/static/chunks/node_modules_next_dist_1e8vcs8._.js:776
[  195526ms] [LOG] [Fast Refresh] done in 199ms @ http://localhost:3100/_next/static/chunks/node_modules_next_dist_1e8vcs8._.js:776
[  195566ms] [LOG] [Fast Refresh] done in 199ms @ http://localhost:3100/_next/static/chunks/node_modules_next_dist_1e8vcs8._.js:776
[  195605ms] [LOG] [Fast Refresh] done in 199ms @ http://localhost:3100/_next/static/chunks/node_modules_next_dist_1e8vcs8._.js:776
[  195646ms] [LOG] [Fast Refresh] done in 199ms @ http://localhost:3100/_next/static/chunks/node_modules_next_dist_1e8vcs8._.js:776
[  195687ms] [LOG] [Fast Refresh] done in 199ms @ http://localhost:3100/_next/static/chunks/node_modules_next_dist_1e8vcs8._.js:776
[  195816ms] [LOG] [Fast Refresh] done in 199ms @ http://localhost:3100/_next/static/chunks/node_modules_next_dist_1e8vcs8._.js:776
[  195880ms] [LOG] [Fast Refresh] done in 199ms @ http://localhost:3100/_next/static/chunks/node_modules_next_dist_1e8vcs8._.js:776
[  195925ms] [LOG] [Fast Refresh] done in 199ms @ http://localhost:3100/_next/static/chunks/node_modules_next_dist_1e8vcs8._.js:776
[  195968ms] [LOG] [Fast Refresh] done in 199ms @ http://localhost:3100/_next/static/chunks/node_modules_next_dist_1e8vcs8._.js:776
[  196010ms] [LOG] [Fast Refresh] done in 199ms @ http://localhost:3100/_next/static/chunks/node_modules_next_dist_1e8vcs8._.js:776
[  196054ms] [LOG] [Fast Refresh] done in 199ms @ http://localhost:3100/_next/static/chunks/node_modules_next_dist_1e8vcs8._.js:776
[  196095ms] [LOG] [Fast Refresh] done in 199ms @ http://localhost:3100/_next/static/chunks/node_modules_next_dist_1e8vcs8._.js:776
[  196150ms] [LOG] [Fast Refresh] done in 199ms @ http://localhost:3100/_next/static/chunks/node_modules_next_dist_1e8vcs8._.js:776
[  196190ms] [LOG] [Fast Refresh] done in 199ms @ http://localhost:3100/_next/static/chunks/node_modules_next_dist_1e8vcs8._.js:776
[  196232ms] [LOG] [Fast Refresh] done in 199ms @ http://localhost:3100/_next/static/chunks/node_modules_next_dist_1e8vcs8._.js:776
[  196271ms] [LOG] [Fast Refresh] done in 199ms @ http://localhost:3100/_next/static/chunks/node_modules_next_dist_1e8vcs8._.js:776
[  196311ms] [LOG] [Fast Refresh] done in 199ms @ http://localhost:3100/_next/static/chunks/node_modules_next_dist_1e8vcs8._.js:776
[  196352ms] [LOG] [Fast Refresh] done in 199ms @ http://localhost:3100/_next/static/chunks/node_modules_next_dist_1e8vcs8._.js:776
[  196396ms] [LOG] [Fast Refresh] done in 199ms @ http://localhost:3100/_next/static/chunks/node_modules_next_dist_1e8vcs8._.js:776
[  196442ms] [LOG] [Fast Refresh] done in 199ms @ http://localhost:3100/_next/static/chunks/node_modules_next_dist_1e8vcs8._.js:776
[  196496ms] [LOG] [Fast Refresh] done in 199ms @ http://localhost:3100/_next/static/chunks/node_modules_next_dist_1e8vcs8._.js:776
[  196573ms] [LOG] [Fast Refresh] done in 199ms @ http://localhost:3100/_next/static/chunks/node_modules_next_dist_1e8vcs8._.js:776
[  196643ms] [LOG] [Fast Refresh] done in 199ms @ http://localhost:3100/_next/static/chunks/node_modules_next_dist_1e8vcs8._.js:776
[  196700ms] [LOG] [Fast Refresh] done in 199ms @ http://localhost:3100/_next/static/chunks/node_modules_next_dist_1e8vcs8._.js:776
[  196763ms] [LOG] [Fast Refresh] done in 199ms @ http://localhost:3100/_next/static/chunks/node_modules_next_dist_1e8vcs8._.js:776
[  196804ms] [LOG] [Fast Refresh] done in 199ms @ http://localhost:3100/_next/static/chunks/node_modules_next_dist_1e8vcs8._.js:776
[  196848ms] [LOG] [Fast Refresh] done in 199ms @ http://localhost:3100/_next/static/chunks/node_modules_next_dist_1e8vcs8._.js:776
[  196912ms] [LOG] [Fast Refresh] done in 199ms @ http://localhost:3100/_next/static/chunks/node_modules_next_dist_1e8vcs8._.js:776
[  196963ms] [LOG] [Fast Refresh] done in 199ms @ http://localhost:3100/_next/static/chunks/node_modules_next_dist_1e8vcs8._.js:776
[  197006ms] [LOG] [Fast Refresh] done in 199ms @ http://localhost:3100/_next/static/chunks/node_modules_next_dist_1e8vcs8._.js:776
[  197050ms] [LOG] [Fast Refresh] done in 199ms @ http://localhost:3100/_next/static/chunks/node_modules_next_dist_1e8vcs8._.js:776
[  197094ms] [LOG] [Fast Refresh] done in 199ms @ http://localhost:3100/_next/static/chunks/node_modules_next_dist_1e8vcs8._.js:776
[  197134ms] [LOG] [Fast Refresh] done in 199ms @ http://localhost:3100/_next/static/chunks/node_modules_next_dist_1e8vcs8._.js:776
[  197173ms] [LOG] [Fast Refresh] done in 199ms @ http://localhost:3100/_next/static/chunks/node_modules_next_dist_1e8vcs8._.js:776
[  197216ms] [LOG] [Fast Refresh] done in 199ms @ http://localhost:3100/_next/static/chunks/node_modules_next_dist_1e8vcs8._.js:776
[  197257ms] [LOG] [Fast Refresh] done in 199ms @ http://localhost:3100/_next/static/chunks/node_modules_next_dist_1e8vcs8._.js:776
[  197311ms] [LOG] [Fast Refresh] done in 199ms @ http://localhost:3100/_next/static/chunks/node_modules_next_dist_1e8vcs8._.js:776
[  197352ms] [LOG] [Fast Refresh] done in 199ms @ http://localhost:3100/_next/static/chunks/node_modules_next_dist_1e8vcs8._.js:776
[  197395ms] [LOG] [Fast Refresh] done in 199ms @ http://localhost:3100/_next/static/chunks/node_modules_next_dist_1e8vcs8._.js:776
[  197435ms] [LOG] [Fast Refresh] done in 199ms @ http://localhost:3100/_next/static/chunks/node_modules_next_dist_1e8vcs8._.js:776
[  197476ms] [LOG] [Fast Refresh] done in 199ms @ http://localhost:3100/_next/static/chunks/node_modules_next_dist_1e8vcs8._.js:776
[  197515ms] [LOG] [Fast Refresh] done in 199ms @ http://localhost:3100/_next/static/chunks/node_modules_next_dist_1e8vcs8._.js:776
[  197555ms] [LOG] [Fast Refresh] done in 199ms @ http://localhost:3100/_next/static/chunks/node_modules_next_dist_1e8vcs8._.js:776
[  197598ms] [LOG] [Fast Refresh] done in 199ms @ http://localhost:3100/_next/static/chunks/node_modules_next_dist_1e8vcs8._.js:776
[  197637ms] [LOG] [Fast Refresh] done in 199ms @ http://localhost:3100/_next/static/chunks/node_modules_next_dist_1e8vcs8._.js:776
[  197676ms] [LOG] [Fast Refresh] done in 199ms @ http://localhost:3100/_next/static/chunks/node_modules_next_dist_1e8vcs8._.js:776
[  197734ms] [LOG] [Fast Refresh] done in 199ms @ http://localhost:3100/_next/static/chunks/node_modules_next_dist_1e8vcs8._.js:776
[  197776ms] [LOG] [Fast Refresh] done in 199ms @ http://localhost:3100/_next/static/chunks/node_modules_next_dist_1e8vcs8._.js:776
[  197816ms] [LOG] [Fast Refresh] done in 199ms @ http://localhost:3100/_next/static/chunks/node_modules_next_dist_1e8vcs8._.js:776
[  197857ms] [LOG] [Fast Refresh] done in 199ms @ http://localhost:3100/_next/static/chunks/node_modules_next_dist_1e8vcs8._.js:776
[  197900ms] [LOG] [Fast Refresh] done in 199ms @ http://localhost:3100/_next/static/chunks/node_modules_next_dist_1e8vcs8._.js:776
[  197941ms] [LOG] [Fast Refresh] done in 199ms @ http://localhost:3100/_next/static/chunks/node_modules_next_dist_1e8vcs8._.js:776
[  197981ms] [LOG] [Fast Refresh] done in 199ms @ http://localhost:3100/_next/static/chunks/node_modules_next_dist_1e8vcs8._.js:776
[  198021ms] [LOG] [Fast Refresh] done in 199ms @ http://localhost:3100/_next/static/chunks/node_modules_next_dist_1e8vcs8._.js:776
[  198062ms] [LOG] [Fast Refresh] done in 199ms @ http://localhost:3100/_next/static/chunks/node_modules_next_dist_1e8vcs8._.js:776
[  198101ms] [LOG] [Fast Refresh] done in 199ms @ http://localhost:3100/_next/static/chunks/node_modules_next_dist_1e8vcs8._.js:776
[  198155ms] [LOG] [Fast Refresh] done in 199ms @ http://localhost:3100/_next/static/chunks/node_modules_next_dist_1e8vcs8._.js:776
[  198198ms] [LOG] [Fast Refresh] done in 199ms @ http://localhost:3100/_next/static/chunks/node_modules_next_dist_1e8vcs8._.js:776
[  198238ms] [LOG] [Fast Refresh] done in 199ms @ http://localhost:3100/_next/static/chunks/node_modules_next_dist_1e8vcs8._.js:776
[  198281ms] [LOG] [Fast Refresh] done in 199ms @ http://localhost:3100/_next/static/chunks/node_modules_next_dist_1e8vcs8._.js:776
[  198320ms] [LOG] [Fast Refresh] done in 199ms @ http://localhost:3100/_next/static/chunks/node_modules_next_dist_1e8vcs8._.js:776
[  198360ms] [LOG] [Fast Refresh] done in 199ms @ http://localhost:3100/_next/static/chunks/node_modules_next_dist_1e8vcs8._.js:776
[  198400ms] [LOG] [Fast Refresh] done in 199ms @ http://localhost:3100/_next/static/chunks/node_modules_next_dist_1e8vcs8._.js:776
[  198440ms] [LOG] [Fast Refresh] done in 199ms @ http://localhost:3100/_next/static/chunks/node_modules_next_dist_1e8vcs8._.js:776
[  198484ms] [LOG] [Fast Refresh] done in 199ms @ http://localhost:3100/_next/static/chunks/node_modules_next_dist_1e8vcs8._.js:776
[  198524ms] [LOG] [Fast Refresh] done in 199ms @ http://localhost:3100/_next/static/chunks/node_modules_next_dist_1e8vcs8._.js:776
[  198566ms] [LOG] [Fast Refresh] done in 199ms @ http://localhost:3100/_next/static/chunks/node_modules_next_dist_1e8vcs8._.js:776
[  198606ms] [LOG] [Fast Refresh] done in 199ms @ http://localhost:3100/_next/static/chunks/node_modules_next_dist_1e8vcs8._.js:776
[  198649ms] [LOG] [Fast Refresh] done in 199ms @ http://localhost:3100/_next/static/chunks/node_modules_next_dist_1e8vcs8._.js:776
[  198691ms] [LOG] [Fast Refresh] done in 199ms @ http://localhost:3100/_next/static/chunks/node_modules_next_dist_1e8vcs8._.js:776
[  198733ms] [LOG] [Fast Refresh] done in 199ms @ http://localhost:3100/_next/static/chunks/node_modules_next_dist_1e8vcs8._.js:776
[  198774ms] [LOG] [Fast Refresh] done in 199ms @ http://localhost:3100/_next/static/chunks/node_modules_next_dist_1e8vcs8._.js:776
[  198814ms] [LOG] [Fast Refresh] done in 199ms @ http://localhost:3100/_next/static/chunks/node_modules_next_dist_1e8vcs8._.js:776
[  198855ms] [LOG] [Fast Refresh] done in 199ms @ http://localhost:3100/_next/static/chunks/node_modules_next_dist_1e8vcs8._.js:776
[  198896ms] [LOG] [Fast Refresh] done in 199ms @ http://localhost:3100/_next/static/chunks/node_modules_next_dist_1e8vcs8._.js:776
[  198938ms] [LOG] [Fast Refresh] done in 199ms @ http://localhost:3100/_next/static/chunks/node_modules_next_dist_1e8vcs8._.js:776
[  198979ms] [LOG] [Fast Refresh] done in 199ms @ http://localhost:3100/_next/static/chunks/node_modules_next_dist_1e8vcs8._.js:776
[  199018ms] [LOG] [Fast Refresh] done in 199ms @ http://localhost:3100/_next/static/chunks/node_modules_next_dist_1e8vcs8._.js:776
[  199057ms] [LOG] [Fast Refresh] done in 199ms @ http://localhost:3100/_next/static/chunks/node_modules_next_dist_1e8vcs8._.js:776
[  199108ms] [LOG] [Fast Refresh] done in 199ms @ http://localhost:3100/_next/static/chunks/node_modules_next_dist_1e8vcs8._.js:776
[  199150ms] [LOG] [Fast Refresh] done in 199ms @ http://localhost:3100/_next/static/chunks/node_modules_next_dist_1e8vcs8._.js:776
[  199189ms] [LOG] [Fast Refresh] done in 199ms @ http://localhost:3100/_next/static/chunks/node_modules_next_dist_1e8vcs8._.js:776
[  199230ms] [LOG] [Fast Refresh] done in 199ms @ http://localhost:3100/_next/static/chunks/node_modules_next_dist_1e8vcs8._.js:776
[  199270ms] [LOG] [Fast Refresh] done in 199ms @ http://localhost:3100/_next/static/chunks/node_modules_next_dist_1e8vcs8._.js:776
[  199315ms] [LOG] [Fast Refresh] done in 199ms @ http://localhost:3100/_next/static/chunks/node_modules_next_dist_1e8vcs8._.js:776
[  199356ms] [LOG] [Fast Refresh] done in 199ms @ http://localhost:3100/_next/static/chunks/node_modules_next_dist_1e8vcs8._.js:776
[  199398ms] [LOG] [Fast Refresh] done in 199ms @ http://localhost:3100/_next/static/chunks/node_modules_next_dist_1e8vcs8._.js:776
[  199437ms] [LOG] [Fast Refresh] done in 199ms @ http://localhost:3100/_next/static/chunks/node_modules_next_dist_1e8vcs8._.js:776
[  199487ms] [LOG] [Fast Refresh] done in 199ms @ http://localhost:3100/_next/static/chunks/node_modules_next_dist_1e8vcs8._.js:776
[  199528ms] [LOG] [Fast Refresh] done in 199ms @ http://localhost:3100/_next/static/chunks/node_modules_next_dist_1e8vcs8._.js:776
[  199568ms] [LOG] [Fast Refresh] done in 199ms @ http://localhost:3100/_next/static/chunks/node_modules_next_dist_1e8vcs8._.js:776
[  199611ms] [LOG] [Fast Refresh] done in 199ms @ http://localhost:3100/_next/static/chunks/node_modules_next_dist_1e8vcs8._.js:776
[  199652ms] [LOG] [Fast Refresh] done in 199ms @ http://localhost:3100/_next/static/chunks/node_modules_next_dist_1e8vcs8._.js:776
[  199692ms] [LOG] [Fast Refresh] done in 199ms @ http://localhost:3100/_next/static/chunks/node_modules_next_dist_1e8vcs8._.js:776
[  199734ms] [LOG] [Fast Refresh] done in 199ms @ http://localhost:3100/_next/static/chunks/node_modules_next_dist_1e8vcs8._.js:776
[  199777ms] [LOG] [Fast Refresh] done in 199ms @ http://localhost:3100/_next/static/chunks/node_modules_next_dist_1e8vcs8._.js:776
[  199817ms] [LOG] [Fast Refresh] done in 199ms @ http://localhost:3100/_next/static/chunks/node_modules_next_dist_1e8vcs8._.js:776
[  199877ms] [LOG] [Fast Refresh] done in 199ms @ http://localhost:3100/_next/static/chunks/node_modules_next_dist_1e8vcs8._.js:776
[  199920ms] [LOG] [Fast Refresh] done in 199ms @ http://localhost:3100/_next/static/chunks/node_modules_next_dist_1e8vcs8._.js:776
[  199960ms] [LOG] [Fast Refresh] done in 199ms @ http://localhost:3100/_next/static/chunks/node_modules_next_dist_1e8vcs8._.js:776
[  200000ms] [LOG] [Fast Refresh] done in 199ms @ http://localhost:3100/_next/static/chunks/node_modules_next_dist_1e8vcs8._.js:776
[  200040ms] [LOG] [Fast Refresh] done in 199ms @ http://localhost:3100/_next/static/chunks/node_modules_next_dist_1e8vcs8._.js:776
[  200080ms] [LOG] [Fast Refresh] done in 199ms @ http://localhost:3100/_next/static/chunks/node_modules_next_dist_1e8vcs8._.js:776
[  200121ms] [LOG] [Fast Refresh] done in 199ms @ http://localhost:3100/_next/static/chunks/node_modules_next_dist_1e8vcs8._.js:776
[  200170ms] [LOG] [Fast Refresh] done in 199ms @ http://localhost:3100/_next/static/chunks/node_modules_next_dist_1e8vcs8._.js:776
[  200210ms] [LOG] [Fast Refresh] done in 199ms @ http://localhost:3100/_next/static/chunks/node_modules_next_dist_1e8vcs8._.js:776
[  200250ms] [LOG] [Fast Refresh] done in 199ms @ http://localhost:3100/_next/static/chunks/node_modules_next_dist_1e8vcs8._.js:776
[  200293ms] [LOG] [Fast Refresh] done in 199ms @ http://localhost:3100/_next/static/chunks/node_modules_next_dist_1e8vcs8._.js:776
[  200335ms] [LOG] [Fast Refresh] done in 199ms @ http://localhost:3100/_next/static/chunks/node_modules_next_dist_1e8vcs8._.js:776
[  200376ms] [LOG] [Fast Refresh] done in 199ms @ http://localhost:3100/_next/static/chunks/node_modules_next_dist_1e8vcs8._.js:776
[  200417ms] [LOG] [Fast Refresh] done in 199ms @ http://localhost:3100/_next/static/chunks/node_modules_next_dist_1e8vcs8._.js:776
[  200459ms] [LOG] [Fast Refresh] done in 199ms @ http://localhost:3100/_next/static/chunks/node_modules_next_dist_1e8vcs8._.js:776
[  200502ms] [LOG] [Fast Refresh] done in 199ms @ http://localhost:3100/_next/static/chunks/node_modules_next_dist_1e8vcs8._.js:776
[  200640ms] [LOG] [Fast Refresh] done in 199ms @ http://localhost:3100/_next/static/chunks/node_modules_next_dist_1e8vcs8._.js:776
[  200686ms] [LOG] [Fast Refresh] done in 199ms @ http://localhost:3100/_next/static/chunks/node_modules_next_dist_1e8vcs8._.js:776
[  200743ms] [LOG] [Fast Refresh] done in 199ms @ http://localhost:3100/_next/static/chunks/node_modules_next_dist_1e8vcs8._.js:776
[  200791ms] [LOG] [Fast Refresh] done in 199ms @ http://localhost:3100/_next/static/chunks/node_modules_next_dist_1e8vcs8._.js:776
[  200832ms] [LOG] [Fast Refresh] done in 199ms @ http://localhost:3100/_next/static/chunks/node_modules_next_dist_1e8vcs8._.js:776
[  200873ms] [LOG] [Fast Refresh] done in 199ms @ http://localhost:3100/_next/static/chunks/node_modules_next_dist_1e8vcs8._.js:776
[  200911ms] [LOG] [Fast Refresh] done in 199ms @ http://localhost:3100/_next/static/chunks/node_modules_next_dist_1e8vcs8._.js:776
[  200975ms] [LOG] [Fast Refresh] done in 199ms @ http://localhost:3100/_next/static/chunks/node_modules_next_dist_1e8vcs8._.js:776
[  201032ms] [LOG] [Fast Refresh] done in 199ms @ http://localhost:3100/_next/static/chunks/node_modules_next_dist_1e8vcs8._.js:776
[  201085ms] [LOG] [Fast Refresh] done in 199ms @ http://localhost:3100/_next/static/chunks/node_modules_next_dist_1e8vcs8._.js:776
[  201128ms] [LOG] [Fast Refresh] done in 199ms @ http://localhost:3100/_next/static/chunks/node_modules_next_dist_1e8vcs8._.js:776
[  201199ms] [LOG] [Fast Refresh] done in 199ms @ http://localhost:3100/_next/static/chunks/node_modules_next_dist_1e8vcs8._.js:776
[  201240ms] [LOG] [Fast Refresh] done in 199ms @ http://localhost:3100/_next/static/chunks/node_modules_next_dist_1e8vcs8._.js:776
[  201293ms] [LOG] [Fast Refresh] done in 199ms @ http://localhost:3100/_next/static/chunks/node_modules_next_dist_1e8vcs8._.js:776
[  201339ms] [LOG] [Fast Refresh] done in 199ms @ http://localhost:3100/_next/static/chunks/node_modules_next_dist_1e8vcs8._.js:776
[  201380ms] [LOG] [Fast Refresh] done in 199ms @ http://localhost:3100/_next/static/chunks/node_modules_next_dist_1e8vcs8._.js:776
[  201428ms] [LOG] [Fast Refresh] done in 199ms @ http://localhost:3100/_next/static/chunks/node_modules_next_dist_1e8vcs8._.js:776
[  201489ms] [LOG] [Fast Refresh] done in 199ms @ http://localhost:3100/_next/static/chunks/node_modules_next_dist_1e8vcs8._.js:776
[  201546ms] [LOG] [Fast Refresh] done in 199ms @ http://localhost:3100/_next/static/chunks/node_modules_next_dist_1e8vcs8._.js:776
[  201591ms] [LOG] [Fast Refresh] done in 199ms @ http://localhost:3100/_next/static/chunks/node_modules_next_dist_1e8vcs8._.js:776
[  201635ms] [LOG] [Fast Refresh] done in 199ms @ http://localhost:3100/_next/static/chunks/node_modules_next_dist_1e8vcs8._.js:776
[  201713ms] [LOG] [Fast Refresh] done in 199ms @ http://localhost:3100/_next/static/chunks/node_modules_next_dist_1e8vcs8._.js:776
[  201767ms] [LOG] [Fast Refresh] done in 199ms @ http://localhost:3100/_next/static/chunks/node_modules_next_dist_1e8vcs8._.js:776
[  201808ms] [LOG] [Fast Refresh] done in 199ms @ http://localhost:3100/_next/static/chunks/node_modules_next_dist_1e8vcs8._.js:776
[  201868ms] [LOG] [Fast Refresh] done in 199ms @ http://localhost:3100/_next/static/chunks/node_modules_next_dist_1e8vcs8._.js:776
[  201908ms] [LOG] [Fast Refresh] done in 199ms @ http://localhost:3100/_next/static/chunks/node_modules_next_dist_1e8vcs8._.js:776
[  201948ms] [LOG] [Fast Refresh] done in 199ms @ http://localhost:3100/_next/static/chunks/node_modules_next_dist_1e8vcs8._.js:776
[  202005ms] [LOG] [Fast Refresh] done in 199ms @ http://localhost:3100/_next/static/chunks/node_modules_next_dist_1e8vcs8._.js:776
[  202109ms] [LOG] [Fast Refresh] done in 199ms @ http://localhost:3100/_next/static/chunks/node_modules_next_dist_1e8vcs8._.js:776
[  202181ms] [LOG] [Fast Refresh] done in 199ms @ http://localhost:3100/_next/static/chunks/node_modules_next_dist_1e8vcs8._.js:776
[  202221ms] [LOG] [Fast Refresh] done in 199ms @ http://localhost:3100/_next/static/chunks/node_modules_next_dist_1e8vcs8._.js:776
[  202261ms] [LOG] [Fast Refresh] done in 199ms @ http://localhost:3100/_next/static/chunks/node_modules_next_dist_1e8vcs8._.js:776
[  202304ms] [LOG] [Fast Refresh] done in 199ms @ http://localhost:3100/_next/static/chunks/node_modules_next_dist_1e8vcs8._.js:776
[  202346ms] [LOG] [Fast Refresh] done in 199ms @ http://localhost:3100/_next/static/chunks/node_modules_next_dist_1e8vcs8._.js:776
[  202387ms] [LOG] [Fast Refresh] done in 199ms @ http://localhost:3100/_next/static/chunks/node_modules_next_dist_1e8vcs8._.js:776
[  202446ms] [LOG] [Fast Refresh] done in 199ms @ http://localhost:3100/_next/static/chunks/node_modules_next_dist_1e8vcs8._.js:776
[  202487ms] [LOG] [Fast Refresh] done in 199ms @ http://localhost:3100/_next/static/chunks/node_modules_next_dist_1e8vcs8._.js:776
[  202531ms] [LOG] [Fast Refresh] done in 199ms @ http://localhost:3100/_next/static/chunks/node_modules_next_dist_1e8vcs8._.js:776
[  202608ms] [LOG] [Fast Refresh] done in 199ms @ http://localhost:3100/_next/static/chunks/node_modules_next_dist_1e8vcs8._.js:776
[  202649ms] [LOG] [Fast Refresh] done in 199ms @ http://localhost:3100/_next/static/chunks/node_modules_next_dist_1e8vcs8._.js:776
[  202734ms] [LOG] [Fast Refresh] done in 199ms @ http://localhost:3100/_next/static/chunks/node_modules_next_dist_1e8vcs8._.js:776
[  202781ms] [LOG] [Fast Refresh] done in 199ms @ http://localhost:3100/_next/static/chunks/node_modules_next_dist_1e8vcs8._.js:776
[  202823ms] [LOG] [Fast Refresh] done in 199ms @ http://localhost:3100/_next/static/chunks/node_modules_next_dist_1e8vcs8._.js:776
[  202870ms] [LOG] [Fast Refresh] done in 199ms @ http://localhost:3100/_next/static/chunks/node_modules_next_dist_1e8vcs8._.js:776
[  202914ms] [LOG] [Fast Refresh] done in 199ms @ http://localhost:3100/_next/static/chunks/node_modules_next_dist_1e8vcs8._.js:776
[  202953ms] [LOG] [Fast Refresh] done in 199ms @ http://localhost:3100/_next/static/chunks/node_modules_next_dist_1e8vcs8._.js:776
[  202994ms] [LOG] [Fast Refresh] done in 199ms @ http://localhost:3100/_next/static/chunks/node_modules_next_dist_1e8vcs8._.js:776
[  203033ms] [LOG] [Fast Refresh] done in 199ms @ http://localhost:3100/_next/static/chunks/node_modules_next_dist_1e8vcs8._.js:776
[  203074ms] [LOG] [Fast Refresh] done in 199ms @ http://localhost:3100/_next/static/chunks/node_modules_next_dist_1e8vcs8._.js:776
[  203115ms] [LOG] [Fast Refresh] done in 199ms @ http://localhost:3100/_next/static/chunks/node_modules_next_dist_1e8vcs8._.js:776
[  203155ms] [LOG] [Fast Refresh] done in 199ms @ http://localhost:3100/_next/static/chunks/node_modules_next_dist_1e8vcs8._.js:776
[  203197ms] [LOG] [Fast Refresh] done in 199ms @ http://localhost:3100/_next/static/chunks/node_modules_next_dist_1e8vcs8._.js:776
[  203236ms] [LOG] [Fast Refresh] done in 199ms @ http://localhost:3100/_next/static/chunks/node_modules_next_dist_1e8vcs8._.js:776
[  203278ms] [LOG] [Fast Refresh] done in 199ms @ http://localhost:3100/_next/static/chunks/node_modules_next_dist_1e8vcs8._.js:776
[  203320ms] [LOG] [Fast Refresh] done in 199ms @ http://localhost:3100/_next/static/chunks/node_modules_next_dist_1e8vcs8._.js:776
[  203360ms] [LOG] [Fast Refresh] done in 199ms @ http://localhost:3100/_next/static/chunks/node_modules_next_dist_1e8vcs8._.js:776
[  203402ms] [LOG] [Fast Refresh] done in 199ms @ http://localhost:3100/_next/static/chunks/node_modules_next_dist_1e8vcs8._.js:776
[  203443ms] [LOG] [Fast Refresh] done in 199ms @ http://localhost:3100/_next/static/chunks/node_modules_next_dist_1e8vcs8._.js:776
[  203483ms] [LOG] [Fast Refresh] done in 199ms @ http://localhost:3100/_next/static/chunks/node_modules_next_dist_1e8vcs8._.js:776
[  203523ms] [LOG] [Fast Refresh] done in 199ms @ http://localhost:3100/_next/static/chunks/node_modules_next_dist_1e8vcs8._.js:776
[  203572ms] [LOG] [Fast Refresh] done in 199ms @ http://localhost:3100/_next/static/chunks/node_modules_next_dist_1e8vcs8._.js:776
[  203618ms] [LOG] [Fast Refresh] done in 199ms @ http://localhost:3100/_next/static/chunks/node_modules_next_dist_1e8vcs8._.js:776
[  203658ms] [LOG] [Fast Refresh] done in 199ms @ http://localhost:3100/_next/static/chunks/node_modules_next_dist_1e8vcs8._.js:776
[  203700ms] [LOG] [Fast Refresh] done in 199ms @ http://localhost:3100/_next/static/chunks/node_modules_next_dist_1e8vcs8._.js:776
[  203741ms] [LOG] [Fast Refresh] done in 199ms @ http://localhost:3100/_next/static/chunks/node_modules_next_dist_1e8vcs8._.js:776
[  203784ms] [LOG] [Fast Refresh] done in 199ms @ http://localhost:3100/_next/static/chunks/node_modules_next_dist_1e8vcs8._.js:776
[  203823ms] [LOG] [Fast Refresh] done in 199ms @ http://localhost:3100/_next/static/chunks/node_modules_next_dist_1e8vcs8._.js:776
[  203866ms] [LOG] [Fast Refresh] done in 199ms @ http://localhost:3100/_next/static/chunks/node_modules_next_dist_1e8vcs8._.js:776
[  203933ms] [LOG] [Fast Refresh] done in 199ms @ http://localhost:3100/_next/static/chunks/node_modules_next_dist_1e8vcs8._.js:776
[  203975ms] [LOG] [Fast Refresh] done in 199ms @ http://localhost:3100/_next/static/chunks/node_modules_next_dist_1e8vcs8._.js:776
[  204019ms] [LOG] [Fast Refresh] done in 199ms @ http://localhost:3100/_next/static/chunks/node_modules_next_dist_1e8vcs8._.js:776
[  204059ms] [LOG] [Fast Refresh] done in 199ms @ http://localhost:3100/_next/static/chunks/node_modules_next_dist_1e8vcs8._.js:776
[  204101ms] [LOG] [Fast Refresh] done in 199ms @ http://localhost:3100/_next/static/chunks/node_modules_next_dist_1e8vcs8._.js:776
[  204143ms] [LOG] [Fast Refresh] done in 199ms @ http://localhost:3100/_next/static/chunks/node_modules_next_dist_1e8vcs8._.js:776
[  204183ms] [LOG] [Fast Refresh] done in 199ms @ http://localhost:3100/_next/static/chunks/node_modules_next_dist_1e8vcs8._.js:776
[  204224ms] [LOG] [Fast Refresh] done in 199ms @ http://localhost:3100/_next/static/chunks/node_modules_next_dist_1e8vcs8._.js:776
[  204265ms] [LOG] [Fast Refresh] done in 199ms @ http://localhost:3100/_next/static/chunks/node_modules_next_dist_1e8vcs8._.js:776
[  204306ms] [LOG] [Fast Refresh] done in 199ms @ http://localhost:3100/_next/static/chunks/node_modules_next_dist_1e8vcs8._.js:776
[  204346ms] [LOG] [Fast Refresh] done in 199ms @ http://localhost:3100/_next/static/chunks/node_modules_next_dist_1e8vcs8._.js:776
[  204387ms] [LOG] [Fast Refresh] done in 199ms @ http://localhost:3100/_next/static/chunks/node_modules_next_dist_1e8vcs8._.js:776
[  204427ms] [LOG] [Fast Refresh] done in 199ms @ http://localhost:3100/_next/static/chunks/node_modules_next_dist_1e8vcs8._.js:776
[  204468ms] [LOG] [Fast Refresh] done in 199ms @ http://localhost:3100/_next/static/chunks/node_modules_next_dist_1e8vcs8._.js:776
[  204508ms] [LOG] [Fast Refresh] done in 199ms @ http://localhost:3100/_next/static/chunks/node_modules_next_dist_1e8vcs8._.js:776
[  204547ms] [LOG] [Fast Refresh] done in 199ms @ http://localhost:3100/_next/static/chunks/node_modules_next_dist_1e8vcs8._.js:776
[  204590ms] [LOG] [Fast Refresh] done in 199ms @ http://localhost:3100/_next/static/chunks/node_modules_next_dist_1e8vcs8._.js:776
[  204632ms] [LOG] [Fast Refresh] done in 199ms @ http://localhost:3100/_next/static/chunks/node_modules_next_dist_1e8vcs8._.js:776
[  204675ms] [LOG] [Fast Refresh] done in 199ms @ http://localhost:3100/_next/static/chunks/node_modules_next_dist_1e8vcs8._.js:776
[  204717ms] [LOG] [Fast Refresh] done in 199ms @ http://localhost:3100/_next/static/chunks/node_modules_next_dist_1e8vcs8._.js:776
[  204758ms] [LOG] [Fast Refresh] done in 199ms @ http://localhost:3100/_next/static/chunks/node_modules_next_dist_1e8vcs8._.js:776
[  204798ms] [LOG] [Fast Refresh] done in 199ms @ http://localhost:3100/_next/static/chunks/node_modules_next_dist_1e8vcs8._.js:776
[  204844ms] [LOG] [Fast Refresh] done in 199ms @ http://localhost:3100/_next/static/chunks/node_modules_next_dist_1e8vcs8._.js:776
[  204887ms] [LOG] [Fast Refresh] done in 199ms @ http://localhost:3100/_next/static/chunks/node_modules_next_dist_1e8vcs8._.js:776
[  204928ms] [LOG] [Fast Refresh] done in 199ms @ http://localhost:3100/_next/static/chunks/node_modules_next_dist_1e8vcs8._.js:776
[  204971ms] [LOG] [Fast Refresh] done in 199ms @ http://localhost:3100/_next/static/chunks/node_modules_next_dist_1e8vcs8._.js:776
[  205010ms] [LOG] [Fast Refresh] done in 199ms @ http://localhost:3100/_next/static/chunks/node_modules_next_dist_1e8vcs8._.js:776
[  205052ms] [LOG] [Fast Refresh] done in 199ms @ http://localhost:3100/_next/static/chunks/node_modules_next_dist_1e8vcs8._.js:776
[  205094ms] [LOG] [Fast Refresh] done in 199ms @ http://localhost:3100/_next/static/chunks/node_modules_next_dist_1e8vcs8._.js:776
[  205134ms] [LOG] [Fast Refresh] done in 199ms @ http://localhost:3100/_next/static/chunks/node_modules_next_dist_1e8vcs8._.js:776
[  205174ms] [LOG] [Fast Refresh] done in 199ms @ http://localhost:3100/_next/static/chunks/node_modules_next_dist_1e8vcs8._.js:776
[  205214ms] [LOG] [Fast Refresh] done in 199ms @ http://localhost:3100/_next/static/chunks/node_modules_next_dist_1e8vcs8._.js:776
[  205253ms] [LOG] [Fast Refresh] done in 199ms @ http://localhost:3100/_next/static/chunks/node_modules_next_dist_1e8vcs8._.js:776
[  205293ms] [LOG] [Fast Refresh] done in 199ms @ http://localhost:3100/_next/static/chunks/node_modules_next_dist_1e8vcs8._.js:776
[  205334ms] [LOG] [Fast Refresh] done in 199ms @ http://localhost:3100/_next/static/chunks/node_modules_next_dist_1e8vcs8._.js:776
[  205377ms] [LOG] [Fast Refresh] done in 199ms @ http://localhost:3100/_next/static/chunks/node_modules_next_dist_1e8vcs8._.js:776
[  205418ms] [LOG] [Fast Refresh] done in 199ms @ http://localhost:3100/_next/static/chunks/node_modules_next_dist_1e8vcs8._.js:776
[  205459ms] [LOG] [Fast Refresh] done in 199ms @ http://localhost:3100/_next/static/chunks/node_modules_next_dist_1e8vcs8._.js:776
[  205500ms] [LOG] [Fast Refresh] done in 199ms @ http://localhost:3100/_next/static/chunks/node_modules_next_dist_1e8vcs8._.js:776
[  205540ms] [LOG] [Fast Refresh] done in 199ms @ http://localhost:3100/_next/static/chunks/node_modules_next_dist_1e8vcs8._.js:776
[  205583ms] [LOG] [Fast Refresh] done in 199ms @ http://localhost:3100/_next/static/chunks/node_modules_next_dist_1e8vcs8._.js:776
[  205625ms] [LOG] [Fast Refresh] done in 199ms @ http://localhost:3100/_next/static/chunks/node_modules_next_dist_1e8vcs8._.js:776
[  205666ms] [LOG] [Fast Refresh] done in 199ms @ http://localhost:3100/_next/static/chunks/node_modules_next_dist_1e8vcs8._.js:776
[  205706ms] [LOG] [Fast Refresh] done in 199ms @ http://localhost:3100/_next/static/chunks/node_modules_next_dist_1e8vcs8._.js:776
[  205746ms] [LOG] [Fast Refresh] done in 199ms @ http://localhost:3100/_next/static/chunks/node_modules_next_dist_1e8vcs8._.js:776
[  205787ms] [LOG] [Fast Refresh] done in 199ms @ http://localhost:3100/_next/static/chunks/node_modules_next_dist_1e8vcs8._.js:776
[  205830ms] [LOG] [Fast Refresh] done in 199ms @ http://localhost:3100/_next/static/chunks/node_modules_next_dist_1e8vcs8._.js:776
[  205871ms] [LOG] [Fast Refresh] done in 199ms @ http://localhost:3100/_next/static/chunks/node_modules_next_dist_1e8vcs8._.js:776
[  205911ms] [LOG] [Fast Refresh] done in 199ms @ http://localhost:3100/_next/static/chunks/node_modules_next_dist_1e8vcs8._.js:776
[  205954ms] [LOG] [Fast Refresh] done in 199ms @ http://localhost:3100/_next/static/chunks/node_modules_next_dist_1e8vcs8._.js:776
[  205996ms] [LOG] [Fast Refresh] done in 199ms @ http://localhost:3100/_next/static/chunks/node_modules_next_dist_1e8vcs8._.js:776
[  206035ms] [LOG] [Fast Refresh] done in 199ms @ http://localhost:3100/_next/static/chunks/node_modules_next_dist_1e8vcs8._.js:776
[  206075ms] [LOG] [Fast Refresh] done in 199ms @ http://localhost:3100/_next/static/chunks/node_modules_next_dist_1e8vcs8._.js:776
[  206116ms] [LOG] [Fast Refresh] done in 199ms @ http://localhost:3100/_next/static/chunks/node_modules_next_dist_1e8vcs8._.js:776
[  206157ms] [LOG] [Fast Refresh] done in 199ms @ http://localhost:3100/_next/static/chunks/node_modules_next_dist_1e8vcs8._.js:776
[  206197ms] [LOG] [Fast Refresh] done in 199ms @ http://localhost:3100/_next/static/chunks/node_modules_next_dist_1e8vcs8._.js:776
[  206239ms] [LOG] [Fast Refresh] done in 199ms @ http://localhost:3100/_next/static/chunks/node_modules_next_dist_1e8vcs8._.js:776
[  206281ms] [LOG] [Fast Refresh] done in 199ms @ http://localhost:3100/_next/static/chunks/node_modules_next_dist_1e8vcs8._.js:776
[  206321ms] [LOG] [Fast Refresh] done in 199ms @ http://localhost:3100/_next/static/chunks/node_modules_next_dist_1e8vcs8._.js:776
[  206359ms] [LOG] [Fast Refresh] done in 199ms @ http://localhost:3100/_next/static/chunks/node_modules_next_dist_1e8vcs8._.js:776
[  206398ms] [LOG] [Fast Refresh] done in 199ms @ http://localhost:3100/_next/static/chunks/node_modules_next_dist_1e8vcs8._.js:776
[  206438ms] [LOG] [Fast Refresh] done in 199ms @ http://localhost:3100/_next/static/chunks/node_modules_next_dist_1e8vcs8._.js:776
[  206478ms] [LOG] [Fast Refresh] done in 199ms @ http://localhost:3100/_next/static/chunks/node_modules_next_dist_1e8vcs8._.js:776
[  206519ms] [LOG] [Fast Refresh] done in 199ms @ http://localhost:3100/_next/static/chunks/node_modules_next_dist_1e8vcs8._.js:776
[  206560ms] [LOG] [Fast Refresh] done in 199ms @ http://localhost:3100/_next/static/chunks/node_modules_next_dist_1e8vcs8._.js:776
[  206600ms] [LOG] [Fast Refresh] done in 199ms @ http://localhost:3100/_next/static/chunks/node_modules_next_dist_1e8vcs8._.js:776
[  206640ms] [LOG] [Fast Refresh] done in 199ms @ http://localhost:3100/_next/static/chunks/node_modules_next_dist_1e8vcs8._.js:776
[  206680ms] [LOG] [Fast Refresh] done in 199ms @ http://localhost:3100/_next/static/chunks/node_modules_next_dist_1e8vcs8._.js:776
[  206722ms] [LOG] [Fast Refresh] done in 199ms @ http://localhost:3100/_next/static/chunks/node_modules_next_dist_1e8vcs8._.js:776
[  206766ms] [LOG] [Fast Refresh] done in 199ms @ http://localhost:3100/_next/static/chunks/node_modules_next_dist_1e8vcs8._.js:776
[  206806ms] [LOG] [Fast Refresh] done in 199ms @ http://localhost:3100/_next/static/chunks/node_modules_next_dist_1e8vcs8._.js:776
[  206851ms] [LOG] [Fast Refresh] done in 199ms @ http://localhost:3100/_next/static/chunks/node_modules_next_dist_1e8vcs8._.js:776
[  206890ms] [LOG] [Fast Refresh] done in 199ms @ http://localhost:3100/_next/static/chunks/node_modules_next_dist_1e8vcs8._.js:776
[  206932ms] [LOG] [Fast Refresh] done in 199ms @ http://localhost:3100/_next/static/chunks/node_modules_next_dist_1e8vcs8._.js:776
[  206972ms] [LOG] [Fast Refresh] done in 199ms @ http://localhost:3100/_next/static/chunks/node_modules_next_dist_1e8vcs8._.js:776
[  207012ms] [LOG] [Fast Refresh] done in 199ms @ http://localhost:3100/_next/static/chunks/node_modules_next_dist_1e8vcs8._.js:776
[  207052ms] [LOG] [Fast Refresh] done in 199ms @ http://localhost:3100/_next/static/chunks/node_modules_next_dist_1e8vcs8._.js:776
[  207093ms] [LOG] [Fast Refresh] done in 199ms @ http://localhost:3100/_next/static/chunks/node_modules_next_dist_1e8vcs8._.js:776
[  207134ms] [LOG] [Fast Refresh] done in 199ms @ http://localhost:3100/_next/static/chunks/node_modules_next_dist_1e8vcs8._.js:776
[  207174ms] [LOG] [Fast Refresh] done in 199ms @ http://localhost:3100/_next/static/chunks/node_modules_next_dist_1e8vcs8._.js:776
[  207212ms] [LOG] [Fast Refresh] done in 199ms @ http://localhost:3100/_next/static/chunks/node_modules_next_dist_1e8vcs8._.js:776
[  207251ms] [LOG] [Fast Refresh] done in 199ms @ http://localhost:3100/_next/static/chunks/node_modules_next_dist_1e8vcs8._.js:776
[  207291ms] [LOG] [Fast Refresh] done in 199ms @ http://localhost:3100/_next/static/chunks/node_modules_next_dist_1e8vcs8._.js:776
[  207330ms] [LOG] [Fast Refresh] done in 199ms @ http://localhost:3100/_next/static/chunks/node_modules_next_dist_1e8vcs8._.js:776
[  207369ms] [LOG] [Fast Refresh] done in 199ms @ http://localhost:3100/_next/static/chunks/node_modules_next_dist_1e8vcs8._.js:776
[  207410ms] [LOG] [Fast Refresh] done in 199ms @ http://localhost:3100/_next/static/chunks/node_modules_next_dist_1e8vcs8._.js:776
[  207450ms] [LOG] [Fast Refresh] done in 199ms @ http://localhost:3100/_next/static/chunks/node_modules_next_dist_1e8vcs8._.js:776
[  207490ms] [LOG] [Fast Refresh] done in 199ms @ http://localhost:3100/_next/static/chunks/node_modules_next_dist_1e8vcs8._.js:776
[  207532ms] [LOG] [Fast Refresh] done in 199ms @ http://localhost:3100/_next/static/chunks/node_modules_next_dist_1e8vcs8._.js:776
[  207574ms] [LOG] [Fast Refresh] done in 199ms @ http://localhost:3100/_next/static/chunks/node_modules_next_dist_1e8vcs8._.js:776
[  207619ms] [LOG] [Fast Refresh] done in 199ms @ http://localhost:3100/_next/static/chunks/node_modules_next_dist_1e8vcs8._.js:776
[  207664ms] [LOG] [Fast Refresh] done in 199ms @ http://localhost:3100/_next/static/chunks/node_modules_next_dist_1e8vcs8._.js:776
[  207705ms] [LOG] [Fast Refresh] done in 199ms @ http://localhost:3100/_next/static/chunks/node_modules_next_dist_1e8vcs8._.js:776
[  207747ms] [LOG] [Fast Refresh] done in 199ms @ http://localhost:3100/_next/static/chunks/node_modules_next_dist_1e8vcs8._.js:776
[  207802ms] [LOG] [Fast Refresh] done in 199ms @ http://localhost:3100/_next/static/chunks/node_modules_next_dist_1e8vcs8._.js:776
[  207871ms] [LOG] [Fast Refresh] done in 199ms @ http://localhost:3100/_next/static/chunks/node_modules_next_dist_1e8vcs8._.js:776
[  207912ms] [LOG] [Fast Refresh] done in 199ms @ http://localhost:3100/_next/static/chunks/node_modules_next_dist_1e8vcs8._.js:776
[  207953ms] [LOG] [Fast Refresh] done in 199ms @ http://localhost:3100/_next/static/chunks/node_modules_next_dist_1e8vcs8._.js:776
[  207992ms] [LOG] [Fast Refresh] done in 199ms @ http://localhost:3100/_next/static/chunks/node_modules_next_dist_1e8vcs8._.js:776
[  208031ms] [LOG] [Fast Refresh] done in 199ms @ http://localhost:3100/_next/static/chunks/node_modules_next_dist_1e8vcs8._.js:776
[  208072ms] [LOG] [Fast Refresh] done in 199ms @ http://localhost:3100/_next/static/chunks/node_modules_next_dist_1e8vcs8._.js:776
[  208113ms] [LOG] [Fast Refresh] done in 199ms @ http://localhost:3100/_next/static/chunks/node_modules_next_dist_1e8vcs8._.js:776
[  208152ms] [LOG] [Fast Refresh] done in 199ms @ http://localhost:3100/_next/static/chunks/node_modules_next_dist_1e8vcs8._.js:776
[  208190ms] [LOG] [Fast Refresh] done in 199ms @ http://localhost:3100/_next/static/chunks/node_modules_next_dist_1e8vcs8._.js:776
[  208231ms] [LOG] [Fast Refresh] done in 199ms @ http://localhost:3100/_next/static/chunks/node_modules_next_dist_1e8vcs8._.js:776
[  208271ms] [LOG] [Fast Refresh] done in 199ms @ http://localhost:3100/_next/static/chunks/node_modules_next_dist_1e8vcs8._.js:776
[  208312ms] [LOG] [Fast Refresh] done in 199ms @ http://localhost:3100/_next/static/chunks/node_modules_next_dist_1e8vcs8._.js:776
[  208351ms] [LOG] [Fast Refresh] done in 199ms @ http://localhost:3100/_next/static/chunks/node_modules_next_dist_1e8vcs8._.js:776
[  208392ms] [LOG] [Fast Refresh] done in 199ms @ http://localhost:3100/_next/static/chunks/node_modules_next_dist_1e8vcs8._.js:776
[  208437ms] [LOG] [Fast Refresh] done in 199ms @ http://localhost:3100/_next/static/chunks/node_modules_next_dist_1e8vcs8._.js:776
[  208494ms] [LOG] [Fast Refresh] done in 199ms @ http://localhost:3100/_next/static/chunks/node_modules_next_dist_1e8vcs8._.js:776
[  208537ms] [LOG] [Fast Refresh] done in 199ms @ http://localhost:3100/_next/static/chunks/node_modules_next_dist_1e8vcs8._.js:776
[  208579ms] [LOG] [Fast Refresh] done in 199ms @ http://localhost:3100/_next/static/chunks/node_modules_next_dist_1e8vcs8._.js:776
[  208621ms] [LOG] [Fast Refresh] done in 199ms @ http://localhost:3100/_next/static/chunks/node_modules_next_dist_1e8vcs8._.js:776
[  208661ms] [LOG] [Fast Refresh] done in 199ms @ http://localhost:3100/_next/static/chunks/node_modules_next_dist_1e8vcs8._.js:776
[  208699ms] [LOG] [Fast Refresh] done in 199ms @ http://localhost:3100/_next/static/chunks/node_modules_next_dist_1e8vcs8._.js:776
[  208739ms] [LOG] [Fast Refresh] done in 199ms @ http://localhost:3100/_next/static/chunks/node_modules_next_dist_1e8vcs8._.js:776
[  208781ms] [LOG] [Fast Refresh] done in 199ms @ http://localhost:3100/_next/static/chunks/node_modules_next_dist_1e8vcs8._.js:776
[  208824ms] [LOG] [Fast Refresh] done in 199ms @ http://localhost:3100/_next/static/chunks/node_modules_next_dist_1e8vcs8._.js:776
[  208863ms] [LOG] [Fast Refresh] done in 199ms @ http://localhost:3100/_next/static/chunks/node_modules_next_dist_1e8vcs8._.js:776
[  208904ms] [LOG] [Fast Refresh] done in 199ms @ http://localhost:3100/_next/static/chunks/node_modules_next_dist_1e8vcs8._.js:776
[  208943ms] [LOG] [Fast Refresh] done in 199ms @ http://localhost:3100/_next/static/chunks/node_modules_next_dist_1e8vcs8._.js:776
[  208984ms] [LOG] [Fast Refresh] done in 199ms @ http://localhost:3100/_next/static/chunks/node_modules_next_dist_1e8vcs8._.js:776
[  209025ms] [LOG] [Fast Refresh] done in 199ms @ http://localhost:3100/_next/static/chunks/node_modules_next_dist_1e8vcs8._.js:776
[  209066ms] [LOG] [Fast Refresh] done in 199ms @ http://localhost:3100/_next/static/chunks/node_modules_next_dist_1e8vcs8._.js:776
[  209107ms] [LOG] [Fast Refresh] done in 199ms @ http://localhost:3100/_next/static/chunks/node_modules_next_dist_1e8vcs8._.js:776
[  209146ms] [LOG] [Fast Refresh] done in 199ms @ http://localhost:3100/_next/static/chunks/node_modules_next_dist_1e8vcs8._.js:776
[  209187ms] [LOG] [Fast Refresh] done in 199ms @ http://localhost:3100/_next/static/chunks/node_modules_next_dist_1e8vcs8._.js:776
[  209227ms] [LOG] [Fast Refresh] done in 199ms @ http://localhost:3100/_next/static/chunks/node_modules_next_dist_1e8vcs8._.js:776
[  209265ms] [LOG] [Fast Refresh] done in 199ms @ http://localhost:3100/_next/static/chunks/node_modules_next_dist_1e8vcs8._.js:776
[  209304ms] [LOG] [Fast Refresh] done in 199ms @ http://localhost:3100/_next/static/chunks/node_modules_next_dist_1e8vcs8._.js:776
[  209343ms] [LOG] [Fast Refresh] done in 199ms @ http://localhost:3100/_next/static/chunks/node_modules_next_dist_1e8vcs8._.js:776
[  209382ms] [LOG] [Fast Refresh] done in 199ms @ http://localhost:3100/_next/static/chunks/node_modules_next_dist_1e8vcs8._.js:776
[  209421ms] [LOG] [Fast Refresh] done in 199ms @ http://localhost:3100/_next/static/chunks/node_modules_next_dist_1e8vcs8._.js:776
[  209461ms] [LOG] [Fast Refresh] done in 199ms @ http://localhost:3100/_next/static/chunks/node_modules_next_dist_1e8vcs8._.js:776
[  209501ms] [LOG] [Fast Refresh] done in 199ms @ http://localhost:3100/_next/static/chunks/node_modules_next_dist_1e8vcs8._.js:776
[  209543ms] [LOG] [Fast Refresh] done in 199ms @ http://localhost:3100/_next/static/chunks/node_modules_next_dist_1e8vcs8._.js:776
[  209585ms] [LOG] [Fast Refresh] done in 199ms @ http://localhost:3100/_next/static/chunks/node_modules_next_dist_1e8vcs8._.js:776
[  209624ms] [LOG] [Fast Refresh] done in 199ms @ http://localhost:3100/_next/static/chunks/node_modules_next_dist_1e8vcs8._.js:776
[  209669ms] [LOG] [Fast Refresh] done in 199ms @ http://localhost:3100/_next/static/chunks/node_modules_next_dist_1e8vcs8._.js:776
[  209709ms] [LOG] [Fast Refresh] done in 199ms @ http://localhost:3100/_next/static/chunks/node_modules_next_dist_1e8vcs8._.js:776
[  209750ms] [LOG] [Fast Refresh] done in 199ms @ http://localhost:3100/_next/static/chunks/node_modules_next_dist_1e8vcs8._.js:776
[  209793ms] [LOG] [Fast Refresh] done in 199ms @ http://localhost:3100/_next/static/chunks/node_modules_next_dist_1e8vcs8._.js:776
[  209835ms] [LOG] [Fast Refresh] done in 199ms @ http://localhost:3100/_next/static/chunks/node_modules_next_dist_1e8vcs8._.js:776
[  209875ms] [LOG] [Fast Refresh] done in 199ms @ http://localhost:3100/_next/static/chunks/node_modules_next_dist_1e8vcs8._.js:776
[  209917ms] [LOG] [Fast Refresh] done in 199ms @ http://localhost:3100/_next/static/chunks/node_modules_next_dist_1e8vcs8._.js:776
[  209959ms] [LOG] [Fast Refresh] done in 199ms @ http://localhost:3100/_next/static/chunks/node_modules_next_dist_1e8vcs8._.js:776
[  209999ms] [LOG] [Fast Refresh] done in 199ms @ http://localhost:3100/_next/static/chunks/node_modules_next_dist_1e8vcs8._.js:776
[  210039ms] [LOG] [Fast Refresh] done in 199ms @ http://localhost:3100/_next/static/chunks/node_modules_next_dist_1e8vcs8._.js:776
[  210080ms] [LOG] [Fast Refresh] done in 199ms @ http://localhost:3100/_next/static/chunks/node_modules_next_dist_1e8vcs8._.js:776
[  210121ms] [LOG] [Fast Refresh] done in 199ms @ http://localhost:3100/_next/static/chunks/node_modules_next_dist_1e8vcs8._.js:776
[  210161ms] [LOG] [Fast Refresh] done in 199ms @ http://localhost:3100/_next/static/chunks/node_modules_next_dist_1e8vcs8._.js:776
[  210204ms] [LOG] [Fast Refresh] done in 199ms @ http://localhost:3100/_next/static/chunks/node_modules_next_dist_1e8vcs8._.js:776
[  210244ms] [LOG] [Fast Refresh] done in 199ms @ http://localhost:3100/_next/static/chunks/node_modules_next_dist_1e8vcs8._.js:776
[  210285ms] [LOG] [Fast Refresh] done in 199ms @ http://localhost:3100/_next/static/chunks/node_modules_next_dist_1e8vcs8._.js:776
[  210325ms] [LOG] [Fast Refresh] done in 199ms @ http://localhost:3100/_next/static/chunks/node_modules_next_dist_1e8vcs8._.js:776
[  210366ms] [LOG] [Fast Refresh] done in 199ms @ http://localhost:3100/_next/static/chunks/node_modules_next_dist_1e8vcs8._.js:776
[  210406ms] [LOG] [Fast Refresh] done in 199ms @ http://localhost:3100/_next/static/chunks/node_modules_next_dist_1e8vcs8._.js:776
[  210449ms] [LOG] [Fast Refresh] done in 199ms @ http://localhost:3100/_next/static/chunks/node_modules_next_dist_1e8vcs8._.js:776
[  210490ms] [LOG] [Fast Refresh] done in 199ms @ http://localhost:3100/_next/static/chunks/node_modules_next_dist_1e8vcs8._.js:776
[  210533ms] [LOG] [Fast Refresh] done in 199ms @ http://localhost:3100/_next/static/chunks/node_modules_next_dist_1e8vcs8._.js:776
[  210574ms] [LOG] [Fast Refresh] done in 199ms @ http://localhost:3100/_next/static/chunks/node_modules_next_dist_1e8vcs8._.js:776
[  210615ms] [LOG] [Fast Refresh] done in 199ms @ http://localhost:3100/_next/static/chunks/node_modules_next_dist_1e8vcs8._.js:776
[  210656ms] [LOG] [Fast Refresh] done in 199ms @ http://localhost:3100/_next/static/chunks/node_modules_next_dist_1e8vcs8._.js:776
[  210696ms] [LOG] [Fast Refresh] done in 199ms @ http://localhost:3100/_next/static/chunks/node_modules_next_dist_1e8vcs8._.js:776
[  210737ms] [LOG] [Fast Refresh] done in 199ms @ http://localhost:3100/_next/static/chunks/node_modules_next_dist_1e8vcs8._.js:776
[  210783ms] [LOG] [Fast Refresh] done in 199ms @ http://localhost:3100/_next/static/chunks/node_modules_next_dist_1e8vcs8._.js:776
[  210821ms] [LOG] [Fast Refresh] done in 199ms @ http://localhost:3100/_next/static/chunks/node_modules_next_dist_1e8vcs8._.js:776
[  210861ms] [LOG] [Fast Refresh] done in 199ms @ http://localhost:3100/_next/static/chunks/node_modules_next_dist_1e8vcs8._.js:776
[  210902ms] [LOG] [Fast Refresh] done in 199ms @ http://localhost:3100/_next/static/chunks/node_modules_next_dist_1e8vcs8._.js:776
[  210941ms] [LOG] [Fast Refresh] done in 199ms @ http://localhost:3100/_next/static/chunks/node_modules_next_dist_1e8vcs8._.js:776
[  210986ms] [LOG] [Fast Refresh] done in 199ms @ http://localhost:3100/_next/static/chunks/node_modules_next_dist_1e8vcs8._.js:776
[  211028ms] [LOG] [Fast Refresh] done in 199ms @ http://localhost:3100/_next/static/chunks/node_modules_next_dist_1e8vcs8._.js:776
[  211068ms] [LOG] [Fast Refresh] done in 199ms @ http://localhost:3100/_next/static/chunks/node_modules_next_dist_1e8vcs8._.js:776
[  211109ms] [LOG] [Fast Refresh] done in 199ms @ http://localhost:3100/_next/static/chunks/node_modules_next_dist_1e8vcs8._.js:776
[  211150ms] [LOG] [Fast Refresh] done in 199ms @ http://localhost:3100/_next/static/chunks/node_modules_next_dist_1e8vcs8._.js:776
[  211189ms] [LOG] [Fast Refresh] done in 199ms @ http://localhost:3100/_next/static/chunks/node_modules_next_dist_1e8vcs8._.js:776
[  211229ms] [LOG] [Fast Refresh] done in 199ms @ http://localhost:3100/_next/static/chunks/node_modules_next_dist_1e8vcs8._.js:776
[  211268ms] [LOG] [Fast Refresh] done in 199ms @ http://localhost:3100/_next/static/chunks/node_modules_next_dist_1e8vcs8._.js:776
[  211308ms] [LOG] [Fast Refresh] done in 199ms @ http://localhost:3100/_next/static/chunks/node_modules_next_dist_1e8vcs8._.js:776
[  211349ms] [LOG] [Fast Refresh] done in 199ms @ http://localhost:3100/_next/static/chunks/node_modules_next_dist_1e8vcs8._.js:776
[  211389ms] [LOG] [Fast Refresh] done in 199ms @ http://localhost:3100/_next/static/chunks/node_modules_next_dist_1e8vcs8._.js:776
[  211429ms] [LOG] [Fast Refresh] done in 199ms @ http://localhost:3100/_next/static/chunks/node_modules_next_dist_1e8vcs8._.js:776
[  211474ms] [LOG] [Fast Refresh] done in 199ms @ http://localhost:3100/_next/static/chunks/node_modules_next_dist_1e8vcs8._.js:776
[  211515ms] [LOG] [Fast Refresh] done in 199ms @ http://localhost:3100/_next/static/chunks/node_modules_next_dist_1e8vcs8._.js:776
[  211555ms] [LOG] [Fast Refresh] done in 199ms @ http://localhost:3100/_next/static/chunks/node_modules_next_dist_1e8vcs8._.js:776
[  211595ms] [LOG] [Fast Refresh] done in 199ms @ http://localhost:3100/_next/static/chunks/node_modules_next_dist_1e8vcs8._.js:776
[  211637ms] [LOG] [Fast Refresh] done in 199ms @ http://localhost:3100/_next/static/chunks/node_modules_next_dist_1e8vcs8._.js:776
[  211678ms] [LOG] [Fast Refresh] done in 199ms @ http://localhost:3100/_next/static/chunks/node_modules_next_dist_1e8vcs8._.js:776
[  211720ms] [LOG] [Fast Refresh] done in 199ms @ http://localhost:3100/_next/static/chunks/node_modules_next_dist_1e8vcs8._.js:776
[  211761ms] [LOG] [Fast Refresh] done in 199ms @ http://localhost:3100/_next/static/chunks/node_modules_next_dist_1e8vcs8._.js:776
[  211804ms] [LOG] [Fast Refresh] done in 199ms @ http://localhost:3100/_next/static/chunks/node_modules_next_dist_1e8vcs8._.js:776
[  211845ms] [LOG] [Fast Refresh] done in 199ms @ http://localhost:3100/_next/static/chunks/node_modules_next_dist_1e8vcs8._.js:776
[  211885ms] [LOG] [Fast Refresh] done in 199ms @ http://localhost:3100/_next/static/chunks/node_modules_next_dist_1e8vcs8._.js:776
[  211927ms] [LOG] [Fast Refresh] done in 199ms @ http://localhost:3100/_next/static/chunks/node_modules_next_dist_1e8vcs8._.js:776
[  211969ms] [LOG] [Fast Refresh] done in 199ms @ http://localhost:3100/_next/static/chunks/node_modules_next_dist_1e8vcs8._.js:776
[  212028ms] [LOG] [Fast Refresh] done in 199ms @ http://localhost:3100/_next/static/chunks/node_modules_next_dist_1e8vcs8._.js:776
[  212069ms] [LOG] [Fast Refresh] done in 199ms @ http://localhost:3100/_next/static/chunks/node_modules_next_dist_1e8vcs8._.js:776
[  212108ms] [LOG] [Fast Refresh] done in 199ms @ http://localhost:3100/_next/static/chunks/node_modules_next_dist_1e8vcs8._.js:776
[  212148ms] [LOG] [Fast Refresh] done in 199ms @ http://localhost:3100/_next/static/chunks/node_modules_next_dist_1e8vcs8._.js:776
[  212188ms] [LOG] [Fast Refresh] done in 199ms @ http://localhost:3100/_next/static/chunks/node_modules_next_dist_1e8vcs8._.js:776
[  212232ms] [LOG] [Fast Refresh] done in 199ms @ http://localhost:3100/_next/static/chunks/node_modules_next_dist_1e8vcs8._.js:776
[  212271ms] [LOG] [Fast Refresh] done in 199ms @ http://localhost:3100/_next/static/chunks/node_modules_next_dist_1e8vcs8._.js:776
[  212315ms] [LOG] [Fast Refresh] done in 199ms @ http://localhost:3100/_next/static/chunks/node_modules_next_dist_1e8vcs8._.js:776
[  212357ms] [LOG] [Fast Refresh] done in 199ms @ http://localhost:3100/_next/static/chunks/node_modules_next_dist_1e8vcs8._.js:776
[  212397ms] [LOG] [Fast Refresh] done in 199ms @ http://localhost:3100/_next/static/chunks/node_modules_next_dist_1e8vcs8._.js:776
[  212437ms] [LOG] [Fast Refresh] done in 199ms @ http://localhost:3100/_next/static/chunks/node_modules_next_dist_1e8vcs8._.js:776
[  212478ms] [LOG] [Fast Refresh] done in 199ms @ http://localhost:3100/_next/static/chunks/node_modules_next_dist_1e8vcs8._.js:776
[  212518ms] [LOG] [Fast Refresh] done in 199ms @ http://localhost:3100/_next/static/chunks/node_modules_next_dist_1e8vcs8._.js:776
[  212559ms] [LOG] [Fast Refresh] done in 199ms @ http://localhost:3100/_next/static/chunks/node_modules_next_dist_1e8vcs8._.js:776
[  212611ms] [LOG] [Fast Refresh] done in 199ms @ http://localhost:3100/_next/static/chunks/node_modules_next_dist_1e8vcs8._.js:776
[  212653ms] [LOG] [Fast Refresh] done in 199ms @ http://localhost:3100/_next/static/chunks/node_modules_next_dist_1e8vcs8._.js:776
[  212696ms] [LOG] [Fast Refresh] done in 199ms @ http://localhost:3100/_next/static/chunks/node_modules_next_dist_1e8vcs8._.js:776
[  212738ms] [LOG] [Fast Refresh] done in 199ms @ http://localhost:3100/_next/static/chunks/node_modules_next_dist_1e8vcs8._.js:776
[  212777ms] [LOG] [Fast Refresh] done in 199ms @ http://localhost:3100/_next/static/chunks/node_modules_next_dist_1e8vcs8._.js:776
[  212818ms] [LOG] [Fast Refresh] done in 199ms @ http://localhost:3100/_next/static/chunks/node_modules_next_dist_1e8vcs8._.js:776
[  212858ms] [LOG] [Fast Refresh] done in 199ms @ http://localhost:3100/_next/static/chunks/node_modules_next_dist_1e8vcs8._.js:776
[  212899ms] [LOG] [Fast Refresh] done in 199ms @ http://localhost:3100/_next/static/chunks/node_modules_next_dist_1e8vcs8._.js:776
[  212939ms] [LOG] [Fast Refresh] done in 199ms @ http://localhost:3100/_next/static/chunks/node_modules_next_dist_1e8vcs8._.js:776
[  212977ms] [LOG] [Fast Refresh] done in 199ms @ http://localhost:3100/_next/static/chunks/node_modules_next_dist_1e8vcs8._.js:776
[  213023ms] [LOG] [Fast Refresh] done in 199ms @ http://localhost:3100/_next/static/chunks/node_modules_next_dist_1e8vcs8._.js:776
[  213071ms] [LOG] [Fast Refresh] done in 199ms @ http://localhost:3100/_next/static/chunks/node_modules_next_dist_1e8vcs8._.js:776
[  213112ms] [LOG] [Fast Refresh] done in 199ms @ http://localhost:3100/_next/static/chunks/node_modules_next_dist_1e8vcs8._.js:776
[  213153ms] [LOG] [Fast Refresh] done in 199ms @ http://localhost:3100/_next/static/chunks/node_modules_next_dist_1e8vcs8._.js:776
[  213193ms] [LOG] [Fast Refresh] done in 199ms @ http://localhost:3100/_next/static/chunks/node_modules_next_dist_1e8vcs8._.js:776
[  213233ms] [LOG] [Fast Refresh] done in 199ms @ http://localhost:3100/_next/static/chunks/node_modules_next_dist_1e8vcs8._.js:776
[  213271ms] [LOG] [Fast Refresh] done in 199ms @ http://localhost:3100/_next/static/chunks/node_modules_next_dist_1e8vcs8._.js:776
[  213313ms] [LOG] [Fast Refresh] done in 199ms @ http://localhost:3100/_next/static/chunks/node_modules_next_dist_1e8vcs8._.js:776
[  213352ms] [LOG] [Fast Refresh] done in 199ms @ http://localhost:3100/_next/static/chunks/node_modules_next_dist_1e8vcs8._.js:776
[  213394ms] [LOG] [Fast Refresh] done in 199ms @ http://localhost:3100/_next/static/chunks/node_modules_next_dist_1e8vcs8._.js:776
[  213434ms] [LOG] [Fast Refresh] done in 199ms @ http://localhost:3100/_next/static/chunks/node_modules_next_dist_1e8vcs8._.js:776
[  213473ms] [LOG] [Fast Refresh] done in 199ms @ http://localhost:3100/_next/static/chunks/node_modules_next_dist_1e8vcs8._.js:776
[  213515ms] [LOG] [Fast Refresh] done in 199ms @ http://localhost:3100/_next/static/chunks/node_modules_next_dist_1e8vcs8._.js:776
[  213555ms] [LOG] [Fast Refresh] done in 199ms @ http://localhost:3100/_next/static/chunks/node_modules_next_dist_1e8vcs8._.js:776
[  213596ms] [LOG] [Fast Refresh] done in 199ms @ http://localhost:3100/_next/static/chunks/node_modules_next_dist_1e8vcs8._.js:776
[  213636ms] [LOG] [Fast Refresh] done in 199ms @ http://localhost:3100/_next/static/chunks/node_modules_next_dist_1e8vcs8._.js:776
[  213678ms] [LOG] [Fast Refresh] done in 199ms @ http://localhost:3100/_next/static/chunks/node_modules_next_dist_1e8vcs8._.js:776
[  213718ms] [LOG] [Fast Refresh] done in 199ms @ http://localhost:3100/_next/static/chunks/node_modules_next_dist_1e8vcs8._.js:776
[  213758ms] [LOG] [Fast Refresh] done in 199ms @ http://localhost:3100/_next/static/chunks/node_modules_next_dist_1e8vcs8._.js:776
[  213798ms] [LOG] [Fast Refresh] done in 199ms @ http://localhost:3100/_next/static/chunks/node_modules_next_dist_1e8vcs8._.js:776
[  213840ms] [LOG] [Fast Refresh] done in 199ms @ http://localhost:3100/_next/static/chunks/node_modules_next_dist_1e8vcs8._.js:776
[  213879ms] [LOG] [Fast Refresh] done in 199ms @ http://localhost:3100/_next/static/chunks/node_modules_next_dist_1e8vcs8._.js:776
[  213918ms] [LOG] [Fast Refresh] done in 199ms @ http://localhost:3100/_next/static/chunks/node_modules_next_dist_1e8vcs8._.js:776
[  213958ms] [LOG] [Fast Refresh] done in 199ms @ http://localhost:3100/_next/static/chunks/node_modules_next_dist_1e8vcs8._.js:776
[  213999ms] [LOG] [Fast Refresh] done in 199ms @ http://localhost:3100/_next/static/chunks/node_modules_next_dist_1e8vcs8._.js:776
[  214040ms] [LOG] [Fast Refresh] done in 199ms @ http://localhost:3100/_next/static/chunks/node_modules_next_dist_1e8vcs8._.js:776
[  214111ms] [LOG] [Fast Refresh] done in 199ms @ http://localhost:3100/_next/static/chunks/node_modules_next_dist_1e8vcs8._.js:776
[  214150ms] [LOG] [Fast Refresh] done in 199ms @ http://localhost:3100/_next/static/chunks/node_modules_next_dist_1e8vcs8._.js:776
[  214189ms] [LOG] [Fast Refresh] done in 199ms @ http://localhost:3100/_next/static/chunks/node_modules_next_dist_1e8vcs8._.js:776
[  214229ms] [LOG] [Fast Refresh] done in 199ms @ http://localhost:3100/_next/static/chunks/node_modules_next_dist_1e8vcs8._.js:776
[  214270ms] [LOG] [Fast Refresh] done in 199ms @ http://localhost:3100/_next/static/chunks/node_modules_next_dist_1e8vcs8._.js:776
[  214311ms] [LOG] [Fast Refresh] done in 199ms @ http://localhost:3100/_next/static/chunks/node_modules_next_dist_1e8vcs8._.js:776
[  214354ms] [LOG] [Fast Refresh] done in 199ms @ http://localhost:3100/_next/static/chunks/node_modules_next_dist_1e8vcs8._.js:776
[  214396ms] [LOG] [Fast Refresh] done in 199ms @ http://localhost:3100/_next/static/chunks/node_modules_next_dist_1e8vcs8._.js:776
[  214437ms] [LOG] [Fast Refresh] done in 199ms @ http://localhost:3100/_next/static/chunks/node_modules_next_dist_1e8vcs8._.js:776
[  214479ms] [LOG] [Fast Refresh] done in 199ms @ http://localhost:3100/_next/static/chunks/node_modules_next_dist_1e8vcs8._.js:776
[  214519ms] [LOG] [Fast Refresh] done in 199ms @ http://localhost:3100/_next/static/chunks/node_modules_next_dist_1e8vcs8._.js:776
[  214561ms] [LOG] [Fast Refresh] done in 199ms @ http://localhost:3100/_next/static/chunks/node_modules_next_dist_1e8vcs8._.js:776
[  214599ms] [LOG] [Fast Refresh] done in 199ms @ http://localhost:3100/_next/static/chunks/node_modules_next_dist_1e8vcs8._.js:776
[  214639ms] [LOG] [Fast Refresh] done in 199ms @ http://localhost:3100/_next/static/chunks/node_modules_next_dist_1e8vcs8._.js:776
[  214682ms] [LOG] [Fast Refresh] done in 199ms @ http://localhost:3100/_next/static/chunks/node_modules_next_dist_1e8vcs8._.js:776
[  214721ms] [LOG] [Fast Refresh] done in 199ms @ http://localhost:3100/_next/static/chunks/node_modules_next_dist_1e8vcs8._.js:776
[  214762ms] [LOG] [Fast Refresh] done in 199ms @ http://localhost:3100/_next/static/chunks/node_modules_next_dist_1e8vcs8._.js:776
[  214802ms] [LOG] [Fast Refresh] done in 199ms @ http://localhost:3100/_next/static/chunks/node_modules_next_dist_1e8vcs8._.js:776
[  214843ms] [LOG] [Fast Refresh] done in 199ms @ http://localhost:3100/_next/static/chunks/node_modules_next_dist_1e8vcs8._.js:776
[  214884ms] [LOG] [Fast Refresh] done in 199ms @ http://localhost:3100/_next/static/chunks/node_modules_next_dist_1e8vcs8._.js:776
[  214926ms] [LOG] [Fast Refresh] done in 199ms @ http://localhost:3100/_next/static/chunks/node_modules_next_dist_1e8vcs8._.js:776
[  214967ms] [LOG] [Fast Refresh] done in 199ms @ http://localhost:3100/_next/static/chunks/node_modules_next_dist_1e8vcs8._.js:776
[  215010ms] [LOG] [Fast Refresh] done in 199ms @ http://localhost:3100/_next/static/chunks/node_modules_next_dist_1e8vcs8._.js:776
[  215051ms] [LOG] [Fast Refresh] done in 199ms @ http://localhost:3100/_next/static/chunks/node_modules_next_dist_1e8vcs8._.js:776
[  215091ms] [LOG] [Fast Refresh] done in 199ms @ http://localhost:3100/_next/static/chunks/node_modules_next_dist_1e8vcs8._.js:776
[  215131ms] [LOG] [Fast Refresh] done in 199ms @ http://localhost:3100/_next/static/chunks/node_modules_next_dist_1e8vcs8._.js:776
[  215171ms] [LOG] [Fast Refresh] done in 199ms @ http://localhost:3100/_next/static/chunks/node_modules_next_dist_1e8vcs8._.js:776
[  215211ms] [LOG] [Fast Refresh] done in 199ms @ http://localhost:3100/_next/static/chunks/node_modules_next_dist_1e8vcs8._.js:776
[  215253ms] [LOG] [Fast Refresh] done in 199ms @ http://localhost:3100/_next/static/chunks/node_modules_next_dist_1e8vcs8._.js:776
[  215294ms] [LOG] [Fast Refresh] done in 199ms @ http://localhost:3100/_next/static/chunks/node_modules_next_dist_1e8vcs8._.js:776
[  215334ms] [LOG] [Fast Refresh] done in 199ms @ http://localhost:3100/_next/static/chunks/node_modules_next_dist_1e8vcs8._.js:776
[  215376ms] [LOG] [Fast Refresh] done in 199ms @ http://localhost:3100/_next/static/chunks/node_modules_next_dist_1e8vcs8._.js:776
[  215415ms] [LOG] [Fast Refresh] done in 199ms @ http://localhost:3100/_next/static/chunks/node_modules_next_dist_1e8vcs8._.js:776
[  215453ms] [LOG] [Fast Refresh] done in 199ms @ http://localhost:3100/_next/static/chunks/node_modules_next_dist_1e8vcs8._.js:776
[  215496ms] [LOG] [Fast Refresh] done in 199ms @ http://localhost:3100/_next/static/chunks/node_modules_next_dist_1e8vcs8._.js:776
[  215536ms] [LOG] [Fast Refresh] done in 199ms @ http://localhost:3100/_next/static/chunks/node_modules_next_dist_1e8vcs8._.js:776
[  215577ms] [LOG] [Fast Refresh] done in 199ms @ http://localhost:3100/_next/static/chunks/node_modules_next_dist_1e8vcs8._.js:776
[  215619ms] [LOG] [Fast Refresh] done in 199ms @ http://localhost:3100/_next/static/chunks/node_modules_next_dist_1e8vcs8._.js:776
[  215660ms] [LOG] [Fast Refresh] done in 199ms @ http://localhost:3100/_next/static/chunks/node_modules_next_dist_1e8vcs8._.js:776
[  215701ms] [LOG] [Fast Refresh] done in 199ms @ http://localhost:3100/_next/static/chunks/node_modules_next_dist_1e8vcs8._.js:776
[  215741ms] [LOG] [Fast Refresh] done in 199ms @ http://localhost:3100/_next/static/chunks/node_modules_next_dist_1e8vcs8._.js:776
[  215796ms] [LOG] [Fast Refresh] done in 199ms @ http://localhost:3100/_next/static/chunks/node_modules_next_dist_1e8vcs8._.js:776
[  215856ms] [LOG] [Fast Refresh] done in 199ms @ http://localhost:3100/_next/static/chunks/node_modules_next_dist_1e8vcs8._.js:776
[  215902ms] [LOG] [Fast Refresh] done in 199ms @ http://localhost:3100/_next/static/chunks/node_modules_next_dist_1e8vcs8._.js:776
[  215943ms] [LOG] [Fast Refresh] done in 199ms @ http://localhost:3100/_next/static/chunks/node_modules_next_dist_1e8vcs8._.js:776
[  215984ms] [LOG] [Fast Refresh] done in 199ms @ http://localhost:3100/_next/static/chunks/node_modules_next_dist_1e8vcs8._.js:776
[  216024ms] [LOG] [Fast Refresh] done in 199ms @ http://localhost:3100/_next/static/chunks/node_modules_next_dist_1e8vcs8._.js:776
[  216065ms] [LOG] [Fast Refresh] done in 199ms @ http://localhost:3100/_next/static/chunks/node_modules_next_dist_1e8vcs8._.js:776
[  216120ms] [LOG] [Fast Refresh] done in 199ms @ http://localhost:3100/_next/static/chunks/node_modules_next_dist_1e8vcs8._.js:776
[  216163ms] [LOG] [Fast Refresh] done in 199ms @ http://localhost:3100/_next/static/chunks/node_modules_next_dist_1e8vcs8._.js:776
[  216201ms] [LOG] [Fast Refresh] done in 199ms @ http://localhost:3100/_next/static/chunks/node_modules_next_dist_1e8vcs8._.js:776
[  216241ms] [LOG] [Fast Refresh] done in 199ms @ http://localhost:3100/_next/static/chunks/node_modules_next_dist_1e8vcs8._.js:776
[  216284ms] [LOG] [Fast Refresh] done in 199ms @ http://localhost:3100/_next/static/chunks/node_modules_next_dist_1e8vcs8._.js:776
[  216323ms] [LOG] [Fast Refresh] done in 199ms @ http://localhost:3100/_next/static/chunks/node_modules_next_dist_1e8vcs8._.js:776
[  216365ms] [LOG] [Fast Refresh] done in 199ms @ http://localhost:3100/_next/static/chunks/node_modules_next_dist_1e8vcs8._.js:776
[  216405ms] [LOG] [Fast Refresh] done in 199ms @ http://localhost:3100/_next/static/chunks/node_modules_next_dist_1e8vcs8._.js:776
[  216445ms] [LOG] [Fast Refresh] done in 199ms @ http://localhost:3100/_next/static/chunks/node_modules_next_dist_1e8vcs8._.js:776
[  216484ms] [LOG] [Fast Refresh] done in 199ms @ http://localhost:3100/_next/static/chunks/node_modules_next_dist_1e8vcs8._.js:776
[  216525ms] [LOG] [Fast Refresh] done in 199ms @ http://localhost:3100/_next/static/chunks/node_modules_next_dist_1e8vcs8._.js:776
[  216565ms] [LOG] [Fast Refresh] done in 199ms @ http://localhost:3100/_next/static/chunks/node_modules_next_dist_1e8vcs8._.js:776
[  216605ms] [LOG] [Fast Refresh] done in 199ms @ http://localhost:3100/_next/static/chunks/node_modules_next_dist_1e8vcs8._.js:776
[  216643ms] [LOG] [Fast Refresh] done in 199ms @ http://localhost:3100/_next/static/chunks/node_modules_next_dist_1e8vcs8._.js:776
[  216684ms] [LOG] [Fast Refresh] done in 199ms @ http://localhost:3100/_next/static/chunks/node_modules_next_dist_1e8vcs8._.js:776
[  216726ms] [LOG] [Fast Refresh] done in 199ms @ http://localhost:3100/_next/static/chunks/node_modules_next_dist_1e8vcs8._.js:776
[  216766ms] [LOG] [Fast Refresh] done in 199ms @ http://localhost:3100/_next/static/chunks/node_modules_next_dist_1e8vcs8._.js:776
[  216808ms] [LOG] [Fast Refresh] done in 199ms @ http://localhost:3100/_next/static/chunks/node_modules_next_dist_1e8vcs8._.js:776
[  216848ms] [LOG] [Fast Refresh] done in 199ms @ http://localhost:3100/_next/static/chunks/node_modules_next_dist_1e8vcs8._.js:776
[  216888ms] [LOG] [Fast Refresh] done in 199ms @ http://localhost:3100/_next/static/chunks/node_modules_next_dist_1e8vcs8._.js:776
[  216928ms] [LOG] [Fast Refresh] done in 199ms @ http://localhost:3100/_next/static/chunks/node_modules_next_dist_1e8vcs8._.js:776
[  216968ms] [LOG] [Fast Refresh] done in 199ms @ http://localhost:3100/_next/static/chunks/node_modules_next_dist_1e8vcs8._.js:776
[  217009ms] [LOG] [Fast Refresh] done in 199ms @ http://localhost:3100/_next/static/chunks/node_modules_next_dist_1e8vcs8._.js:776
[  217049ms] [LOG] [Fast Refresh] done in 199ms @ http://localhost:3100/_next/static/chunks/node_modules_next_dist_1e8vcs8._.js:776
[  217090ms] [LOG] [Fast Refresh] done in 199ms @ http://localhost:3100/_next/static/chunks/node_modules_next_dist_1e8vcs8._.js:776
[  217129ms] [LOG] [Fast Refresh] done in 199ms @ http://localhost:3100/_next/static/chunks/node_modules_next_dist_1e8vcs8._.js:776
[  217171ms] [LOG] [Fast Refresh] done in 199ms @ http://localhost:3100/_next/static/chunks/node_modules_next_dist_1e8vcs8._.js:776
[  217215ms] [LOG] [Fast Refresh] done in 199ms @ http://localhost:3100/_next/static/chunks/node_modules_next_dist_1e8vcs8._.js:776
[  217259ms] [LOG] [Fast Refresh] done in 199ms @ http://localhost:3100/_next/static/chunks/node_modules_next_dist_1e8vcs8._.js:776
[  217298ms] [LOG] [Fast Refresh] done in 199ms @ http://localhost:3100/_next/static/chunks/node_modules_next_dist_1e8vcs8._.js:776
[  217338ms] [LOG] [Fast Refresh] done in 199ms @ http://localhost:3100/_next/static/chunks/node_modules_next_dist_1e8vcs8._.js:776
[  217380ms] [LOG] [Fast Refresh] done in 199ms @ http://localhost:3100/_next/static/chunks/node_modules_next_dist_1e8vcs8._.js:776
[  217421ms] [LOG] [Fast Refresh] done in 199ms @ http://localhost:3100/_next/static/chunks/node_modules_next_dist_1e8vcs8._.js:776
[  217462ms] [LOG] [Fast Refresh] done in 199ms @ http://localhost:3100/_next/static/chunks/node_modules_next_dist_1e8vcs8._.js:776
[  217502ms] [LOG] [Fast Refresh] done in 199ms @ http://localhost:3100/_next/static/chunks/node_modules_next_dist_1e8vcs8._.js:776
[  217545ms] [LOG] [Fast Refresh] done in 199ms @ http://localhost:3100/_next/static/chunks/node_modules_next_dist_1e8vcs8._.js:776
[  217591ms] [LOG] [Fast Refresh] done in 199ms @ http://localhost:3100/_next/static/chunks/node_modules_next_dist_1e8vcs8._.js:776
[  217632ms] [LOG] [Fast Refresh] done in 199ms @ http://localhost:3100/_next/static/chunks/node_modules_next_dist_1e8vcs8._.js:776
[  217671ms] [LOG] [Fast Refresh] done in 199ms @ http://localhost:3100/_next/static/chunks/node_modules_next_dist_1e8vcs8._.js:776
[  217711ms] [LOG] [Fast Refresh] done in 199ms @ http://localhost:3100/_next/static/chunks/node_modules_next_dist_1e8vcs8._.js:776
[  217762ms] [LOG] [Fast Refresh] done in 199ms @ http://localhost:3100/_next/static/chunks/node_modules_next_dist_1e8vcs8._.js:776
[  217803ms] [LOG] [Fast Refresh] done in 199ms @ http://localhost:3100/_next/static/chunks/node_modules_next_dist_1e8vcs8._.js:776
[  217843ms] [LOG] [Fast Refresh] done in 199ms @ http://localhost:3100/_next/static/chunks/node_modules_next_dist_1e8vcs8._.js:776
[  217883ms] [LOG] [Fast Refresh] done in 199ms @ http://localhost:3100/_next/static/chunks/node_modules_next_dist_1e8vcs8._.js:776
[  217924ms] [LOG] [Fast Refresh] done in 199ms @ http://localhost:3100/_next/static/chunks/node_modules_next_dist_1e8vcs8._.js:776
[  217964ms] [LOG] [Fast Refresh] done in 199ms @ http://localhost:3100/_next/static/chunks/node_modules_next_dist_1e8vcs8._.js:776
[  218004ms] [LOG] [Fast Refresh] done in 199ms @ http://localhost:3100/_next/static/chunks/node_modules_next_dist_1e8vcs8._.js:776
[  218043ms] [LOG] [Fast Refresh] done in 199ms @ http://localhost:3100/_next/static/chunks/node_modules_next_dist_1e8vcs8._.js:776
[  218083ms] [LOG] [Fast Refresh] done in 199ms @ http://localhost:3100/_next/static/chunks/node_modules_next_dist_1e8vcs8._.js:776
[  218122ms] [LOG] [Fast Refresh] done in 199ms @ http://localhost:3100/_next/static/chunks/node_modules_next_dist_1e8vcs8._.js:776
[  218164ms] [LOG] [Fast Refresh] done in 199ms @ http://localhost:3100/_next/static/chunks/node_modules_next_dist_1e8vcs8._.js:776
[  218207ms] [LOG] [Fast Refresh] done in 199ms @ http://localhost:3100/_next/static/chunks/node_modules_next_dist_1e8vcs8._.js:776
[  218250ms] [LOG] [Fast Refresh] done in 199ms @ http://localhost:3100/_next/static/chunks/node_modules_next_dist_1e8vcs8._.js:776
[  218291ms] [LOG] [Fast Refresh] done in 199ms @ http://localhost:3100/_next/static/chunks/node_modules_next_dist_1e8vcs8._.js:776
[  218334ms] [LOG] [Fast Refresh] done in 199ms @ http://localhost:3100/_next/static/chunks/node_modules_next_dist_1e8vcs8._.js:776
[  218373ms] [LOG] [Fast Refresh] done in 199ms @ http://localhost:3100/_next/static/chunks/node_modules_next_dist_1e8vcs8._.js:776
[  218422ms] [LOG] [Fast Refresh] done in 199ms @ http://localhost:3100/_next/static/chunks/node_modules_next_dist_1e8vcs8._.js:776
[  218462ms] [LOG] [Fast Refresh] done in 199ms @ http://localhost:3100/_next/static/chunks/node_modules_next_dist_1e8vcs8._.js:776
[  218502ms] [LOG] [Fast Refresh] done in 199ms @ http://localhost:3100/_next/static/chunks/node_modules_next_dist_1e8vcs8._.js:776
[  218542ms] [LOG] [Fast Refresh] done in 199ms @ http://localhost:3100/_next/static/chunks/node_modules_next_dist_1e8vcs8._.js:776
[  218582ms] [LOG] [Fast Refresh] done in 199ms @ http://localhost:3100/_next/static/chunks/node_modules_next_dist_1e8vcs8._.js:776
[  218624ms] [LOG] [Fast Refresh] done in 199ms @ http://localhost:3100/_next/static/chunks/node_modules_next_dist_1e8vcs8._.js:776
[  218664ms] [LOG] [Fast Refresh] done in 199ms @ http://localhost:3100/_next/static/chunks/node_modules_next_dist_1e8vcs8._.js:776
[  218707ms] [LOG] [Fast Refresh] done in 199ms @ http://localhost:3100/_next/static/chunks/node_modules_next_dist_1e8vcs8._.js:776
[  218747ms] [LOG] [Fast Refresh] done in 199ms @ http://localhost:3100/_next/static/chunks/node_modules_next_dist_1e8vcs8._.js:776
[  218789ms] [LOG] [Fast Refresh] done in 199ms @ http://localhost:3100/_next/static/chunks/node_modules_next_dist_1e8vcs8._.js:776
[  218829ms] [LOG] [Fast Refresh] done in 199ms @ http://localhost:3100/_next/static/chunks/node_modules_next_dist_1e8vcs8._.js:776
[  218871ms] [LOG] [Fast Refresh] done in 199ms @ http://localhost:3100/_next/static/chunks/node_modules_next_dist_1e8vcs8._.js:776
[  218911ms] [LOG] [Fast Refresh] done in 199ms @ http://localhost:3100/_next/static/chunks/node_modules_next_dist_1e8vcs8._.js:776
[  218954ms] [LOG] [Fast Refresh] done in 199ms @ http://localhost:3100/_next/static/chunks/node_modules_next_dist_1e8vcs8._.js:776
[  218995ms] [LOG] [Fast Refresh] done in 199ms @ http://localhost:3100/_next/static/chunks/node_modules_next_dist_1e8vcs8._.js:776
[  219038ms] [LOG] [Fast Refresh] done in 199ms @ http://localhost:3100/_next/static/chunks/node_modules_next_dist_1e8vcs8._.js:776
[  219078ms] [LOG] [Fast Refresh] done in 199ms @ http://localhost:3100/_next/static/chunks/node_modules_next_dist_1e8vcs8._.js:776
[  219123ms] [LOG] [Fast Refresh] done in 199ms @ http://localhost:3100/_next/static/chunks/node_modules_next_dist_1e8vcs8._.js:776
[  219164ms] [LOG] [Fast Refresh] done in 199ms @ http://localhost:3100/_next/static/chunks/node_modules_next_dist_1e8vcs8._.js:776
[  219205ms] [LOG] [Fast Refresh] done in 199ms @ http://localhost:3100/_next/static/chunks/node_modules_next_dist_1e8vcs8._.js:776
[  219249ms] [LOG] [Fast Refresh] done in 199ms @ http://localhost:3100/_next/static/chunks/node_modules_next_dist_1e8vcs8._.js:776
[  219293ms] [LOG] [Fast Refresh] done in 199ms @ http://localhost:3100/_next/static/chunks/node_modules_next_dist_1e8vcs8._.js:776
[  219335ms] [LOG] [Fast Refresh] done in 199ms @ http://localhost:3100/_next/static/chunks/node_modules_next_dist_1e8vcs8._.js:776
[  219374ms] [LOG] [Fast Refresh] done in 199ms @ http://localhost:3100/_next/static/chunks/node_modules_next_dist_1e8vcs8._.js:776
[  219415ms] [LOG] [Fast Refresh] done in 199ms @ http://localhost:3100/_next/static/chunks/node_modules_next_dist_1e8vcs8._.js:776
[  219454ms] [LOG] [Fast Refresh] done in 199ms @ http://localhost:3100/_next/static/chunks/node_modules_next_dist_1e8vcs8._.js:776
[  219496ms] [LOG] [Fast Refresh] done in 199ms @ http://localhost:3100/_next/static/chunks/node_modules_next_dist_1e8vcs8._.js:776
[  219542ms] [LOG] [Fast Refresh] done in 199ms @ http://localhost:3100/_next/static/chunks/node_modules_next_dist_1e8vcs8._.js:776
[  219597ms] [LOG] [Fast Refresh] done in 199ms @ http://localhost:3100/_next/static/chunks/node_modules_next_dist_1e8vcs8._.js:776
[  219643ms] [LOG] [Fast Refresh] done in 199ms @ http://localhost:3100/_next/static/chunks/node_modules_next_dist_1e8vcs8._.js:776
[  219684ms] [LOG] [Fast Refresh] done in 199ms @ http://localhost:3100/_next/static/chunks/node_modules_next_dist_1e8vcs8._.js:776
[  219724ms] [LOG] [Fast Refresh] done in 199ms @ http://localhost:3100/_next/static/chunks/node_modules_next_dist_1e8vcs8._.js:776
[  219766ms] [LOG] [Fast Refresh] done in 199ms @ http://localhost:3100/_next/static/chunks/node_modules_next_dist_1e8vcs8._.js:776
[  219805ms] [LOG] [Fast Refresh] done in 199ms @ http://localhost:3100/_next/static/chunks/node_modules_next_dist_1e8vcs8._.js:776
[  219846ms] [LOG] [Fast Refresh] done in 199ms @ http://localhost:3100/_next/static/chunks/node_modules_next_dist_1e8vcs8._.js:776
[  219888ms] [LOG] [Fast Refresh] done in 199ms @ http://localhost:3100/_next/static/chunks/node_modules_next_dist_1e8vcs8._.js:776
[  219943ms] [LOG] [Fast Refresh] done in 199ms @ http://localhost:3100/_next/static/chunks/node_modules_next_dist_1e8vcs8._.js:776
[  219983ms] [LOG] [Fast Refresh] done in 199ms @ http://localhost:3100/_next/static/chunks/node_modules_next_dist_1e8vcs8._.js:776
[  220028ms] [LOG] [Fast Refresh] done in 199ms @ http://localhost:3100/_next/static/chunks/node_modules_next_dist_1e8vcs8._.js:776
[  220071ms] [LOG] [Fast Refresh] done in 199ms @ http://localhost:3100/_next/static/chunks/node_modules_next_dist_1e8vcs8._.js:776
[  220113ms] [LOG] [Fast Refresh] done in 199ms @ http://localhost:3100/_next/static/chunks/node_modules_next_dist_1e8vcs8._.js:776
[  220153ms] [LOG] [Fast Refresh] done in 199ms @ http://localhost:3100/_next/static/chunks/node_modules_next_dist_1e8vcs8._.js:776
[  220194ms] [LOG] [Fast Refresh] done in 199ms @ http://localhost:3100/_next/static/chunks/node_modules_next_dist_1e8vcs8._.js:776
[  220234ms] [LOG] [Fast Refresh] done in 199ms @ http://localhost:3100/_next/static/chunks/node_modules_next_dist_1e8vcs8._.js:776
[  220276ms] [LOG] [Fast Refresh] done in 199ms @ http://localhost:3100/_next/static/chunks/node_modules_next_dist_1e8vcs8._.js:776
[  220316ms] [LOG] [Fast Refresh] done in 199ms @ http://localhost:3100/_next/static/chunks/node_modules_next_dist_1e8vcs8._.js:776
[  220354ms] [LOG] [Fast Refresh] done in 199ms @ http://localhost:3100/_next/static/chunks/node_modules_next_dist_1e8vcs8._.js:776
[  220393ms] [LOG] [Fast Refresh] done in 199ms @ http://localhost:3100/_next/static/chunks/node_modules_next_dist_1e8vcs8._.js:776
[  220432ms] [LOG] [Fast Refresh] done in 199ms @ http://localhost:3100/_next/static/chunks/node_modules_next_dist_1e8vcs8._.js:776
[  220472ms] [LOG] [Fast Refresh] done in 199ms @ http://localhost:3100/_next/static/chunks/node_modules_next_dist_1e8vcs8._.js:776
[  220518ms] [LOG] [Fast Refresh] done in 199ms @ http://localhost:3100/_next/static/chunks/node_modules_next_dist_1e8vcs8._.js:776
[  220559ms] [LOG] [Fast Refresh] done in 199ms @ http://localhost:3100/_next/static/chunks/node_modules_next_dist_1e8vcs8._.js:776
[  220600ms] [LOG] [Fast Refresh] done in 199ms @ http://localhost:3100/_next/static/chunks/node_modules_next_dist_1e8vcs8._.js:776
[  220640ms] [LOG] [Fast Refresh] done in 199ms @ http://localhost:3100/_next/static/chunks/node_modules_next_dist_1e8vcs8._.js:776
[  220708ms] [LOG] [Fast Refresh] done in 199ms @ http://localhost:3100/_next/static/chunks/node_modules_next_dist_1e8vcs8._.js:776
[  220781ms] [LOG] [Fast Refresh] done in 199ms @ http://localhost:3100/_next/static/chunks/node_modules_next_dist_1e8vcs8._.js:776
[  220821ms] [LOG] [Fast Refresh] done in 199ms @ http://localhost:3100/_next/static/chunks/node_modules_next_dist_1e8vcs8._.js:776
[  220860ms] [LOG] [Fast Refresh] done in 199ms @ http://localhost:3100/_next/static/chunks/node_modules_next_dist_1e8vcs8._.js:776
[  220902ms] [LOG] [Fast Refresh] done in 199ms @ http://localhost:3100/_next/static/chunks/node_modules_next_dist_1e8vcs8._.js:776
[  220943ms] [LOG] [Fast Refresh] done in 199ms @ http://localhost:3100/_next/static/chunks/node_modules_next_dist_1e8vcs8._.js:776
[  220983ms] [LOG] [Fast Refresh] done in 199ms @ http://localhost:3100/_next/static/chunks/node_modules_next_dist_1e8vcs8._.js:776
[  221022ms] [LOG] [Fast Refresh] done in 199ms @ http://localhost:3100/_next/static/chunks/node_modules_next_dist_1e8vcs8._.js:776
[  221064ms] [LOG] [Fast Refresh] done in 199ms @ http://localhost:3100/_next/static/chunks/node_modules_next_dist_1e8vcs8._.js:776
[  221104ms] [LOG] [Fast Refresh] done in 199ms @ http://localhost:3100/_next/static/chunks/node_modules_next_dist_1e8vcs8._.js:776
[  221144ms] [LOG] [Fast Refresh] done in 199ms @ http://localhost:3100/_next/static/chunks/node_modules_next_dist_1e8vcs8._.js:776
[  221185ms] [LOG] [Fast Refresh] done in 199ms @ http://localhost:3100/_next/static/chunks/node_modules_next_dist_1e8vcs8._.js:776
[  221238ms] [LOG] [Fast Refresh] done in 199ms @ http://localhost:3100/_next/static/chunks/node_modules_next_dist_1e8vcs8._.js:776
[  221280ms] [LOG] [Fast Refresh] done in 199ms @ http://localhost:3100/_next/static/chunks/node_modules_next_dist_1e8vcs8._.js:776
[  221320ms] [LOG] [Fast Refresh] done in 199ms @ http://localhost:3100/_next/static/chunks/node_modules_next_dist_1e8vcs8._.js:776
[  221360ms] [LOG] [Fast Refresh] done in 199ms @ http://localhost:3100/_next/static/chunks/node_modules_next_dist_1e8vcs8._.js:776
[  221401ms] [LOG] [Fast Refresh] done in 199ms @ http://localhost:3100/_next/static/chunks/node_modules_next_dist_1e8vcs8._.js:776
[  221441ms] [LOG] [Fast Refresh] done in 199ms @ http://localhost:3100/_next/static/chunks/node_modules_next_dist_1e8vcs8._.js:776
[  221482ms] [LOG] [Fast Refresh] done in 199ms @ http://localhost:3100/_next/static/chunks/node_modules_next_dist_1e8vcs8._.js:776
[  221522ms] [LOG] [Fast Refresh] done in 199ms @ http://localhost:3100/_next/static/chunks/node_modules_next_dist_1e8vcs8._.js:776
[  221562ms] [LOG] [Fast Refresh] done in 199ms @ http://localhost:3100/_next/static/chunks/node_modules_next_dist_1e8vcs8._.js:776
[  221603ms] [LOG] [Fast Refresh] done in 199ms @ http://localhost:3100/_next/static/chunks/node_modules_next_dist_1e8vcs8._.js:776
[  252542ms] [LOG] [Fast Refresh] rebuilding @ http://localhost:3100/_next/static/chunks/node_modules_next_dist_1e8vcs8._.js:776
[  252655ms] [LOG] [Fast Refresh] done in 215ms @ http://localhost:3100/_next/static/chunks/node_modules_next_dist_1e8vcs8._.js:776
